Result ID,Contest ID,Result,Points,Competitor ID
1,1,1,10,125
2,1,2,8,106
3,1,3,6,134
4,1,4,4,121
5,1,5,2,117
6,1,6,1,123
7,1,7,1,113
8,1,8,1,135
9,1,9,1,114
10,1,10,1,124
11,2,1,10,132
12,2,2,8,110
13,2,3,6,118
14,2,4,4,116
15,2,5,1,128
16,2,6,1,103
17,2,7,1,138
18,2,8,1,120
19,2,9,1,137
20,2,10,1,130
21,3,1,10,102
22,3,2,8,139
23,3,3,6,129
24,3,4,4,112
25,3,5,2,122
26,3,6,1,136
27,3,7,1,111
28,3,8,1,115
29,3,9,1,127
30,3,10,1,101
31,4,1,10,133
32,4,2,8,100
33,4,3,6,119
34,4,4,4,126
35,4,5,2,104
36,4,6,1,105
37,4,7,1,109
38,4,8,1,131
39,4,9,1,107
40,4,10,1,108
41,5,1,5,140
42,5,2,4,142
43,5,3,3,144
44,5,4,2,146
45,5,5,1,148
46,5,6,0,321
47,5,7,0,322
48,5,8,0,323
49,5,9,0,324
50,6,1,10,141
51,6,2,8,143
52,6,3,6,145
53,6,4,4,147
54,6,5,2,149
55,6,6,1,150
56,6,7,1,151
57,6,8,1,152
58,6,9,1,153
59,7,1,5,106
60,7,2,4,155
61,7,3,3,157
62,7,4,2,159
63,7,5,1,161
64,8,1,5,154
65,8,2,4,156
66,8,3,3,158
67,8,4,2,160
68,8,5,1,162
69,9,1,5,112
70,9,2,4,164
71,9,3,3,139
72,9,4,2,167
73,9,5,1,169
74,9,6,0,275
75,10,1,5,163
76,10,2,4,165
77,10,3,3,166
78,10,4,2,168
79,10,5,1,170
80,10,6,0,119
81,11,1,5,171
82,11,2,4,172
83,11,3,3,173
84,11,4,2,121
85,11,5,1,174
86,12,1,10,175
87,12,2,8,176
88,12,3,6,177
89,12,4,4,178
90,12,5,2,179
91,12,6,1,103
92,12,7,1,181
93,12,8,1,182
94,13,1,5,183
95,13,2,4,106
96,13,3,3,184
97,13,4,2,185
98,13,5,1,117
99,14,1,5,143
100,14,2,4,186
101,14,3,3,187
102,14,4,2,188
103,14,5,1,137
104,15,1,5,189
105,15,2,4,112
106,15,3,3,102
107,15,4,2,192
108,15,5,1,129
109,16,1,5,126
110,16,2,4,191
111,16,3,3,170
112,16,4,2,119
113,16,5,1,168
114,17,1,5,194
115,17,2,4,210
116,17,3,3,247
117,17,4,2,248
118,17,5,1,249
119,18,1,5,198
120,18,2,4,173
121,18,3,3,201
122,18,4,2,203
123,18,5,1,205
124,19,1,5,199
125,19,2,4,200
126,19,3,3,202
127,19,4,2,204
128,19,5,1,206
129,20,1,5,172
130,20,2,4,106
131,20,3,3,207
132,20,4,2,208
133,20,5,1,117
134,21,1,5,176
135,21,2,4,137
136,21,3,3,143
137,21,4,2,132
138,21,5,1,130
139,22,1,5,102
140,22,2,4,139
141,22,3,3,189
142,22,4,2,127
143,22,5,1,164
144,23,1,5,133
145,23,2,4,131
146,23,3,3,170
147,23,4,2,119
148,23,5,1,104
149,24,1,0,325
150,24,2,0,326
151,24,3,0,327
152,25,1,0,237
153,25,2,0,328
154,25,3,0,329
155,26,1,5,214
156,26,2,4,215
157,26,3,3,216
158,26,4,2,217
159,26,5,1,218
160,27,1,5,110
161,27,2,4,219
162,27,3,3,152
163,27,4,2,220
164,27,5,1,221
165,28,1,0,140
166,28,2,0,297
167,28,3,0,159
168,28,4,0,277
169,29,1,0,261
170,29,2,0,268
171,29,3,0,160
172,29,4,0,253
173,30,1,5,222
174,30,2,4,139
175,30,3,3,112
176,30,4,2,223
177,30,5,1,167
178,30,6,0,275
179,31,1,5,166
180,31,2,4,119
181,31,3,3,210
182,31,4,2,224
183,31,5,1,225
184,31,6,0,299
185,32,1,0,244
186,32,2,0,125
187,32,3,0,208
188,32,4,0,115
189,32,5,0,241
190,33,1,0,236
191,33,2,0,242
192,33,3,0,168
193,33,4,0,109
194,33,5,0,105
195,34,1,5,134
196,34,2,4,114
197,34,3,3,227
198,34,4,2,228
199,34,5,1,214
200,35,1,5,229
201,35,2,4,230
202,35,3,3,149
203,35,4,2,197
204,35,5,1,232
205,36,1,5,106
206,36,2,4,208
207,36,3,3,233
208,36,4,2,234
209,36,5,1,113
210,37,1,5,143
211,37,2,4,236
212,37,3,3,138
213,37,4,2,132
214,37,5,1,237
215,38,1,5,238
216,38,2,4,115
217,38,3,3,239
218,38,4,2,240
219,38,5,1,241
220,39,1,5,168
221,39,2,4,242
222,39,3,3,105
223,39,4,2,170
224,39,5,1,243
225,40,1,5,214
226,40,2,4,106
227,40,3,3,288
228,40,4,2,280
229,40,5,1,297
230,40,6,0,312
231,41,1,5,263
232,41,2,4,296
233,41,3,3,236
234,41,4,2,307
235,41,5,1,220
236,41,6,0,181
237,42,1,5,306
238,42,2,4,112
239,42,3,3,164
240,42,4,2,111
241,42,5,1,313
242,42,6,0,298
243,42,7,0,273
244,43,1,5,289
245,43,2,4,291
246,43,3,3,133
247,43,4,2,168
248,43,5,1,119
249,43,6,0,225
250,43,7,0,314
251,44,1,5,214
252,44,2,4,330
253,44,3,3,331
254,44,4,2,332
255,44,5,1,333
256,44,6,0,312
257,44,7,0,334
258,44,8,0,171
259,45,1,10,335
260,45,2,8,336
261,45,3,6,337
262,45,4,4,152
263,45,5,2,150
264,45,6,1,338
265,45,7,1,339
266,45,8,1,340
267,46,1,0,341
268,46,2,0,140
269,46,3,0,301
270,46,4,0,326
271,47,1,5,343
272,47,2,4,344
273,47,3,3,143
274,47,4,2,345
275,48,1,5,102
276,48,2,4,275
277,48,3,3,136
278,48,4,2,346
279,48,5,1,347
280,49,1,5,119
281,49,2,4,348
282,49,3,3,104
283,49,4,2,350
284,49,5,1,163
285,50,1,5,351
286,50,2,4,214
287,50,3,3,352
288,50,4,2,353
289,50,5,1,354
290,51,1,5,355
291,51,2,4,356
292,51,3,3,221
293,51,4,2,357
294,51,5,1,358
295,52,1,5,341
296,52,2,4,359
297,52,3,3,360
298,52,4,2,361
299,52,5,1,362
300,52,6,0,363
301,52,7,0,362
302,52,8,0,365
303,53,1,5,339
304,53,2,4,366
305,53,3,3,104
306,53,4,2,367
307,53,5,1,368
308,53,6,0,343
309,53,7,0,369
310,53,8,0,370
311,54,1,0,381
312,54,2,0,382
313,54,3,0,146
314,54,4,0,383
315,55,1,5,274
316,55,2,4,384
317,55,3,3,385
318,55,4,2,221
319,56,1,5,301
320,56,2,4,386
321,56,3,3,387
322,56,4,2,388
323,56,5,1,389
324,57,1,5,390
325,57,2,4,391
326,57,3,3,263
327,57,4,2,392
328,57,5,1,393
329,58,1,0,394
330,58,2,0,395
331,58,3,0,306
332,59,1,0,396
333,59,2,0,397
334,59,3,0,398
335,60,1,10,134
336,60,2,8,125
337,60,3,6,376
338,60,4,4,256
339,60,5,2,113
340,60,6,1,214
341,60,7,1,172
342,60,8,1,173
343,60,9,1,377
344,60,10,1,117
345,61,1,10,236
346,61,2,8,258
347,61,3,6,128
348,61,4,4,292
349,61,5,2,150
350,61,6,1,138
351,61,7,1,378
352,61,8,1,197
353,61,9,1,379
354,61,10,1,380
355,62,1,5,129
356,62,2,4,136
357,62,3,3,112
358,62,4,2,122
359,62,5,1,127
360,62,6,0,111
361,62,7,0,294
362,63,1,10,243
363,63,2,8,130
364,63,3,6,126
365,63,4,4,293
366,63,5,2,107
367,63,6,1,242
368,63,7,1,119
369,64,1,10,415
370,64,2,8,142
371,64,3,6,411
372,64,4,4,157
373,64,5,2,146
374,64,6,1,401
375,64,7,1,422
376,64,8,1,410
377,64,9,1,409
378,64,10,1,413
379,64,11,0,324
380,64,12,0,321
381,64,13,0,312
382,65,1,10,752
383,65,2,8,425
384,65,3,6,274
385,65,4,4,416
386,65,5,2,407
387,65,6,1,403
388,65,7,1,400
389,65,8,1,151
390,65,9,1,408
391,65,10,1,158
392,65,11,0,181
393,65,12,0,149
394,65,13,0,419
395,66,1,5,140
396,66,2,4,106
397,66,3,3,417
398,66,4,2,404
399,66,5,1,412
400,66,6,0,106
401,66,7,0,417
402,66,8,0,404
403,66,9,0,412
404,67,1,5,110
405,67,2,4,406
406,67,3,3,154
407,67,4,2,160
408,67,5,1,339
409,67,6,0,423
410,67,7,0,405
411,67,8,0,414
412,67,9,0,426
413,68,1,0,189
414,68,2,0,139
415,68,3,0,139
416,68,4,0,112
417,68,5,0,112
418,68,6,0,420
419,68,7,0,420
420,69,1,5,119
421,69,2,4,170
422,69,3,3,348
423,69,4,2,399
424,69,5,1,299
425,69,6,0,166
426,69,7,0,418
427,70,1,5,174
428,70,2,4,427
429,70,3,3,428
430,70,4,2,173
431,70,5,1,280
432,70,6,0,429
433,71,1,5,177
434,71,2,4,430
435,71,3,3,431
436,71,4,2,432
437,71,5,1,433
438,71,6,0,282
439,72,1,10,208
440,72,2,8,172
441,72,3,6,106
442,72,4,4,327
443,72,5,2,121
444,72,6,1,434
445,72,7,1,435
446,72,8,1,436
447,72,9,1,185
448,73,1,10,176
449,73,2,8,437
450,73,3,6,438
451,73,4,4,118
452,73,5,2,143
453,73,6,1,439
454,73,7,1,440
455,73,8,1,178
456,73,9,1,441
457,74,1,5,189
458,74,2,4,129
459,74,3,3,313
460,74,4,2,112
461,74,5,1,240
462,75,1,5,170
463,75,2,4,168
464,75,3,3,442
465,75,4,2,126
466,75,5,1,119
467,76,1,5,215
468,76,2,4,443
469,76,3,3,444
470,76,4,0,443
471,76,5,0,444
472,77,1,5,445
473,77,2,4,220
474,77,3,3,251
475,77,4,2,446
476,77,5,1,400
477,78,1,0,106
478,78,2,0,106
479,78,3,0,447
480,78,4,0,447
481,78,5,0,125
482,79,1,5,143
483,79,2,4,448
484,79,3,3,449
485,79,4,2,194
486,79,5,1,210
487,80,1,5,106
488,80,2,4,113
489,80,3,3,172
490,80,4,2,208
491,80,5,1,117
492,80,6,0,256
493,80,7,0,214
494,81,1,10,378
495,81,2,8,176
496,81,3,6,236
497,81,4,4,450
498,81,5,2,143
499,81,6,1,451
500,81,7,1,132
501,82,1,5,112
502,82,2,4,129
503,82,3,3,139
504,82,4,2,122
505,82,5,1,453
506,82,6,0,127
507,83,1,5,133
508,83,2,4,170
509,83,3,3,454
510,83,4,2,104
511,83,5,1,126
512,83,6,0,119
513,84,1,5,216
514,84,2,4,215
515,84,3,3,456
516,84,4,2,457
517,84,5,1,458
518,84,6,0,472
519,84,7,0,410
520,84,8,0,460
521,84,9,0,312
522,84,10,0,217
523,84,11,0,462
524,85,1,5,156
525,85,2,4,152
526,85,3,3,463
527,85,4,2,464
528,85,5,1,465
529,85,6,0,466
530,85,7,0,467
531,85,8,0,468
532,85,9,0,270
533,85,10,0,400
534,85,11,0,469
535,86,1,5,470
536,86,2,4,106
537,86,3,3,140
538,86,4,2,417
539,86,5,1,472
540,87,1,5,143
541,87,2,4,158
542,87,3,3,473
543,87,4,2,237
544,87,5,1,254
545,88,1,5,139
546,88,2,4,189
547,88,3,3,298
548,88,4,2,167
549,88,5,1,223
550,89,1,5,119
551,89,2,4,210
552,89,3,3,166
553,89,4,2,299
554,89,5,1,399
555,90,1,0,240
556,90,2,0,481
557,90,3,0,125
558,90,4,0,228
559,90,5,0,125
560,90,6,0,234
561,90,7,0,481
562,90,8,0,311
563,91,1,0,315
564,91,2,0,480
565,91,3,0,232
566,91,4,0,236
567,91,5,0,483
568,91,6,0,484
569,91,7,0,281
570,91,8,0,153
571,92,1,5,474
572,92,2,4,228
573,92,3,3,443
574,92,4,2,475
575,92,5,1,114
576,93,1,5,476
577,93,2,4,483
578,93,3,3,232
579,93,4,2,197
580,93,5,1,478
581,94,1,5,125
582,94,2,4,134
583,94,3,3,113
584,94,4,2,234
585,94,5,1,208
586,94,6,0,311
587,94,7,0,172
588,95,1,10,176
589,95,2,8,292
590,95,3,6,143
591,95,4,4,230
592,95,5,2,479
593,95,6,1,118
594,95,7,1,480
595,96,1,5,129
596,96,2,4,240
597,96,3,3,485
598,96,4,2,106
599,96,5,1,241
600,97,1,5,105
601,97,2,4,170
602,97,3,3,104
603,97,4,2,168
604,97,5,1,126
605,98,1,5,388
606,98,2,4,493
607,98,3,3,381
608,98,4,2,332
609,98,5,1,486
610,98,6,0,487
611,99,1,5,337
612,99,2,4,385
613,99,3,3,488
614,99,4,2,221
615,99,5,1,489
616,99,6,0,466
617,100,1,0,389
618,100,2,0,490
619,100,3,0,491
620,101,1,0,263
621,101,2,0,391
622,101,3,0,492
623,102,1,5,331
624,102,2,4,494
625,102,3,3,495
626,102,4,2,352
627,102,5,1,496
628,102,6,0,444
629,102,7,0,497
630,102,8,0,498
631,102,9,0,312
632,102,10,0,499
633,102,11,0,288
634,103,1,5,338
635,103,2,4,500
636,103,3,3,501
637,103,4,2,502
638,103,5,1,503
639,103,6,0,336
640,103,7,0,504
641,103,8,0,505
642,103,9,0,506
643,103,10,0,407
644,103,11,0,507
645,104,1,5,447
646,104,2,0,447
647,104,3,3,524
648,104,4,2,521
649,104,5,0,524
650,104,6,0,508
651,104,7,0,321
652,104,8,0,321
653,104,9,0,312
654,104,10,0,321
655,104,11,0,444
656,104,12,0,444
657,105,1,5,518
658,105,2,4,517
659,105,3,3,197
660,105,4,2,514
661,105,5,1,200
662,105,6,0,282
663,105,7,0,513
664,105,8,0,525
665,105,9,0,466
666,105,10,0,512
667,105,11,0,501
668,105,12,0,509
669,106,1,5,298
670,106,2,4,106
671,106,3,3,111
672,106,4,2,297
673,106,5,1,523
674,106,6,0,256
675,106,7,0,515
676,106,8,0,214
677,107,1,5,519
678,107,2,4,522
679,107,3,3,236
680,107,4,2,168
681,107,5,1,237
682,107,6,0,516
683,107,7,0,510
684,107,8,0,119
685,108,1,0,136
686,108,2,0,498
687,108,3,0,536
688,108,4,0,537
689,108,5,0,538
690,109,1,0,119
691,109,2,0,531
692,109,3,0,236
693,109,4,0,540
694,109,5,0,466
695,110,1,10,526
696,110,2,9,331
697,110,3,8,521
698,110,4,7,215
699,110,5,6,527
700,110,6,5,332
701,110,7,4,472
702,110,8,3,528
703,110,9,2,529
704,110,10,1,530
705,110,11,0,352
706,111,1,10,531
707,111,2,9,532
708,111,3,8,337
709,111,4,7,385
710,111,5,6,533
711,111,6,5,505
712,111,7,4,534
713,111,8,3,356
714,111,9,2,336
715,111,10,1,506
716,111,11,0,221
717,112,1,5,470
718,112,2,4,140
719,112,3,3,172
720,112,4,2,134
721,112,5,1,535
722,113,1,5,345
723,113,2,4,343
724,113,3,3,230
725,113,4,2,263
726,113,5,1,339
727,114,1,5,275
728,114,2,4,112
729,114,3,3,1319
730,114,4,2,136
731,114,5,1,347
732,114,6,0,359
733,114,7,0,306
734,115,1,5,108
735,115,2,4,133
736,115,3,3,542
737,115,4,2,397
738,115,5,1,348
739,115,6,0,119
740,115,7,0,543
741,116,1,5,544
742,116,2,4,352
743,116,3,3,526
744,116,4,2,545
745,116,5,1,491
746,117,1,10,534
747,117,2,9,546
748,117,3,8,547
749,117,4,7,492
750,117,5,6,548
751,118,1,5,490
752,118,2,4,360
753,118,3,3,362
754,118,4,2,389
755,118,5,1,341
756,119,1,5,343
757,119,2,4,339
758,119,3,3,549
759,119,4,2,550
760,119,5,1,261
761,120,1,5,521
762,120,2,4,551
763,120,3,3,521
764,120,4,2,280
765,120,5,1,552
766,120,6,0,280
767,120,7,0,553
768,121,1,5,517
769,121,2,4,554
770,121,3,3,555
771,121,4,2,556
772,121,5,1,557
773,121,6,0,558
774,121,7,0,559
775,122,1,0,325
776,122,2,0,326
777,123,1,0,130
778,123,2,0,560
779,124,1,5,352
780,124,2,4,146
781,124,3,3,383
782,124,4,2,486
783,124,5,1,561
784,125,1,5,562
785,125,2,4,385
786,125,3,3,563
787,125,4,2,548
788,125,5,1,337
789,126,1,0,388
790,126,2,0,491
791,126,3,0,564
792,127,1,0,492
793,127,2,0,263
794,127,3,0,393
795,128,1,0,306
796,128,2,0,523
797,128,3,0,566
798,128,4,0,567
799,129,1,0,396
800,129,2,0,289
801,129,3,0,568
802,129,4,0,569
803,130,1,5,570
804,130,2,4,494
805,130,3,0,570
806,130,4,0,494
807,130,5,1,486
808,130,6,0,571
809,130,7,0,486
810,131,1,5,572
811,131,2,4,505
812,131,3,3,573
813,131,4,2,338
814,131,5,1,336
815,131,6,0,221
816,131,7,0,356
817,132,1,5,298
818,132,2,4,574
819,132,3,3,495
820,132,4,2,360
821,132,5,1,575
822,133,1,5,163
823,133,2,4,397
824,133,3,3,576
825,133,4,2,577
826,133,5,1,578
827,134,1,10,579
828,134,2,8,322
829,134,3,6,203
830,134,4,4,173
831,134,5,2,580
832,134,6,1,474
833,134,7,1,508
834,134,8,1,146
835,134,9,1,124
836,134,10,1,582
837,134,11,0,412
838,135,1,15,431
839,135,2,12,583
840,135,3,10,379
841,135,4,8,197
842,135,5,6,149
843,135,6,1,262
844,135,7,1,584
845,135,8,1,585
846,135,9,1,586
847,135,10,1,587
848,135,11,1,588
849,136,1,5,134
850,136,2,4,125
851,136,3,3,589
852,136,4,2,590
853,136,5,1,113
854,136,6,0,117
855,136,7,0,436
856,136,8,0,184
857,137,1,5,378
858,137,2,4,118
859,137,3,3,138
860,137,4,2,230
861,137,5,1,479
862,137,6,0,437
863,137,7,0,292
864,137,8,0,439
865,138,1,10,112
866,138,2,8,129
867,138,3,6,208
868,138,4,4,238
869,138,5,2,139
870,138,6,1,189
871,138,7,1,453
872,138,8,1,485
873,138,9,1,106
874,139,1,15,133
875,139,2,12,119
876,139,3,10,591
877,139,4,8,107
878,139,5,6,126
879,139,6,1,243
880,139,7,1,592
881,139,8,1,170
882,139,9,1,130
883,140,1,0,142
884,140,2,0,142
885,140,3,0,142
886,140,4,0,142
887,140,5,0,142
888,140,6,0,142
889,141,1,0,406
890,141,2,0,445
891,141,3,0,525
892,141,4,0,601
893,141,5,0,153
894,141,6,0,400
895,142,1,10,460
896,142,2,8,321
897,142,3,6,593
898,142,4,4,594
899,142,5,2,142
900,142,6,1,595
901,142,7,1,524
902,143,1,10,596
903,143,2,8,597
904,143,3,6,152
905,143,4,4,598
906,143,5,2,599
907,143,6,1,469
908,143,7,1,274
909,144,1,5,140
910,144,2,4,417
911,144,3,3,215
912,144,4,0,140
913,144,5,0,417
914,144,6,0,215
915,144,7,0,172
916,144,8,0,422
917,145,1,5,600
918,145,2,4,519
919,145,3,3,176
920,145,4,2,154
921,145,5,1,158
922,145,6,0,425
923,145,7,0,254
924,145,8,0,339
925,146,1,5,189
926,146,2,4,602
927,146,3,3,603
928,146,4,2,298
929,146,5,1,122
930,146,6,0,238
931,147,1,5,576
932,147,2,4,170
933,147,3,3,163
934,147,4,2,399
935,147,5,1,191
936,147,6,0,299
937,148,1,0,610
938,148,2,0,611
939,148,3,0,612
940,148,4,0,613
941,148,5,0,614
942,149,1,0,615
943,149,2,0,616
944,149,3,0,617
945,149,4,0,618
946,149,5,0,619
947,150,1,5,352
948,150,2,4,526
949,150,3,3,620
950,150,4,2,351
951,150,5,1,621
952,151,1,5,622
953,151,2,4,546
954,151,3,3,623
955,151,4,2,624
956,151,5,1,625
957,152,1,5,333
958,152,2,4,626
959,152,3,3,627
960,152,4,2,628
961,152,5,1,629
962,153,1,5,630
963,153,2,4,631
964,153,3,3,632
965,153,4,2,633
966,153,5,1,634
967,154,1,5,602
968,154,2,4,635
969,154,3,3,636
970,154,4,2,359
971,154,5,1,637
972,155,1,5,638
973,155,2,4,576
974,155,3,3,639
975,155,4,2,345
976,155,5,1,640
977,156,1,5,174
978,156,2,4,965
979,156,3,3,173
980,156,4,2,427
981,156,5,1,605
982,157,1,5,606
983,157,2,4,282
984,157,3,3,559
985,157,4,2,517
986,157,5,1,274
987,158,1,5,121
988,158,2,4,607
989,158,3,3,117
990,158,4,2,515
991,158,5,1,172
992,159,1,5,176
993,159,2,4,608
994,159,3,3,479
995,159,4,2,178
996,159,5,1,473
997,160,1,5,238
998,160,2,4,189
999,160,3,3,112
1000,160,4,2,129
1001,160,5,1,111
1002,161,1,5,131
1003,161,2,4,516
1004,161,3,3,170
1005,161,4,2,168
1006,161,5,1,609
1007,162,1,5,376
1008,162,2,4,643
1009,162,3,3,644
1010,162,4,2,643
1011,162,5,1,644
1012,162,6,0,376
1013,162,7,0,401
1014,162,8,0,645
1015,162,9,0,645
1016,162,10,0,401
1017,162,11,0,646
1018,163,1,5,647
1019,163,2,4,648
1020,163,3,3,1302
1021,163,4,2,650
1022,163,5,1,588
1023,163,6,0,651
1024,163,7,0,652
1025,163,8,0,601
1026,163,9,0,653
1027,163,10,0,654
1028,163,11,0,655
1029,164,1,5,474
1030,164,2,4,582
1031,164,3,3,321
1032,164,4,4,662
1033,164,5,1,645
1034,164,6,0,203
1035,164,7,0,656
1036,165,1,10,583
1037,165,2,8,657
1038,165,3,6,652
1039,165,4,2,200
1040,165,5,2,658
1041,165,6,1,282
1042,165,7,1,197
1043,166,1,5,172
1044,166,2,4,125
1045,166,3,3,173
1046,166,4,2,184
1047,166,5,1,117
1048,167,1,5,230
1049,167,2,4,262
1050,167,3,3,450
1051,167,4,2,659
1052,167,5,1,378
1053,168,1,5,136
1054,168,2,4,129
1055,168,3,3,122
1056,168,4,2,238
1057,168,5,1,111
1058,168,6,0,453
1059,168,7,0,106
1060,168,8,0,139
1061,168,9,0,660
1062,168,10,0,208
1063,169,1,5,133
1064,169,2,4,454
1065,169,3,3,661
1066,169,4,2,119
1067,169,5,1,108
1068,169,6,0,107
1069,169,7,0,591
1070,169,8,0,516
1071,169,9,0,243
1072,169,10,0,170
1073,170,1,5,668
1074,170,2,4,312
1075,170,3,3,593
1076,170,4,2,216
1077,170,5,1,570
1078,170,6,0,663
1079,170,7,0,142
1080,171,1,5,599
1081,171,2,4,221
1082,171,3,3,664
1083,171,4,2,665
1084,171,5,1,599
1085,171,6,0,666
1086,171,7,0,622
1087,172,1,5,172
1088,172,2,4,297
1089,172,3,3,214
1090,172,4,2,140
1091,172,5,1,417
1092,173,1,5,176
1093,173,2,4,152
1094,173,3,3,110
1095,173,4,2,254
1096,173,5,1,600
1097,174,1,5,298
1098,174,2,4,139
1099,174,3,3,346
1100,174,4,2,106
1101,174,5,1,167
1102,174,6,0,112
1103,175,1,5,168
1104,175,2,0,168
1105,175,3,3,289
1106,175,4,2,119
1107,175,5,1,667
1108,175,6,0,210
1109,176,1,0,388
1110,176,2,0,234
1111,176,3,0,208
1112,176,4,0,388
1113,176,5,0,208
1114,176,6,0,257
1115,176,7,0,240
1116,177,1,0,168
1117,177,2,0,480
1118,177,3,0,236
1119,177,4,0,315
1120,177,5,0,675
1121,177,6,0,109
1122,177,7,0,232
1123,178,1,5,474
1124,178,2,4,645
1125,178,3,3,669
1126,178,4,2,582
1127,178,5,1,322
1128,178,6,0,257
1129,178,7,0,670
1130,179,1,10,671
1131,179,2,8,379
1132,179,3,6,657
1133,179,4,4,672
1134,179,5,2,596
1135,179,6,1,673
1136,179,7,1,588
1137,180,1,10,134
1138,180,2,8,589
1139,180,3,6,172
1140,180,4,4,301
1141,180,5,2,125
1142,180,6,1,256
1143,180,7,1,117
1144,181,1,5,583
1145,181,2,4,118
1146,181,3,3,236
1147,181,4,2,585
1148,181,5,1,674
1149,181,6,0,230
1150,181,7,0,197
1151,182,1,5,238
1152,182,2,4,136
1153,182,3,3,189
1154,182,4,2,192
1155,182,5,1,240
1156,182,6,0,129
1157,182,7,0,106
1158,183,1,10,176
1159,183,2,8,133
1160,183,3,6,109
1161,183,4,4,126
1162,183,5,2,104
1163,183,6,1,243
1164,183,7,1,168
1165,184,1,5,174
1166,184,2,4,676
1167,184,3,3,427
1168,184,4,2,146
1169,184,5,1,321
1170,184,6,0,645
1171,184,7,0,669
1172,184,8,0,678
1173,184,9,0,679
1174,185,1,10,657
1175,185,2,8,274
1176,185,3,6,652
1177,185,4,4,282
1178,185,5,2,680
1179,185,6,1,681
1180,185,7,1,682
1181,185,8,1,683
1182,185,9,1,188
1183,186,1,0,173
1184,186,2,0,214
1185,186,3,0,173
1186,186,4,0,214
1187,186,5,0,117
1188,186,6,0,117
1189,187,1,5,685
1190,187,2,4,120
1191,187,3,3,450
1192,187,4,2,451
1193,187,5,1,379
1194,187,6,0,686
1195,188,1,5,112
1196,188,2,4,238
1197,188,3,3,129
1198,188,4,0,238
1199,188,5,1,111
1200,188,6,0,687
1201,188,7,0,688
1202,188,8,0,112
1203,189,1,5,133
1204,189,2,4,170
1205,189,3,3,168
1206,189,4,2,126
1207,189,5,1,119
1208,189,6,0,399
1209,189,7,0,689
1210,189,8,0,516
1211,190,1,5,690
1212,190,2,4,494
1213,190,3,3,526
1214,190,4,2,352
1215,190,5,1,444
1216,190,6,0,692
1217,190,7,0,312
1218,190,8,0,593
1219,191,1,5,694
1220,191,2,4,534
1221,191,3,3,695
1222,191,4,2,696
1223,191,5,1,517
1224,191,6,0,599
1225,191,7,0,697
1226,191,8,0,698
1227,192,1,5,645
1228,192,2,4,582
1229,192,3,3,377
1230,192,4,2,508
1231,192,5,1,312
1232,192,6,0,699
1233,193,1,5,700
1234,193,2,4,282
1235,193,3,3,517
1236,193,4,2,701
1237,193,5,1,586
1238,193,6,0,702
1239,194,1,5,140
1240,194,2,4,703
1241,194,3,3,704
1242,194,4,2,106
1243,194,5,1,111
1244,194,6,0,214
1245,194,7,0,112
1246,195,1,5,289
1247,195,2,4,152
1248,195,3,3,197
1249,195,4,2,516
1250,195,5,1,706
1251,195,6,0,119
1252,195,7,0,707
1253,196,1,5,708
1254,196,2,4,620
1255,196,3,3,709
1256,196,4,2,354
1257,196,5,1,690
1258,197,1,10,710
1259,197,2,8,558
1260,197,3,6,548
1261,197,4,4,711
1262,197,5,2,532
1263,197,6,1,469
1264,197,7,1,712
1265,197,8,1,546
1266,197,9,1,385
1267,198,1,5,490
1268,198,2,4,417
1269,198,3,3,526
1270,198,4,2,491
1271,198,5,1,297
1272,199,1,5,492
1273,199,2,4,339
1274,199,3,3,254
1275,199,4,2,152
1276,199,5,1,337
1277,200,1,5,359
1278,200,2,4,470
1279,200,3,3,122
1280,200,4,2,112
1281,200,5,1,275
1282,201,1,5,715
1283,201,2,4,345
1284,201,3,3,176
1285,201,4,0,345
1286,201,5,1,119
1287,202,1,5,125
1288,202,2,4,722
1289,202,3,3,723
1290,202,4,2,117
1291,202,5,1,725
1292,202,6,0,146
1293,203,1,10,721
1294,203,2,8,262
1295,203,3,6,450
1296,203,4,4,724
1297,203,5,2,583
1298,203,6,1,726
1299,204,1,0,769
1300,204,2,0,769
1301,204,3,0,772
1302,204,4,0,774
1303,204,5,0,776
1304,205,1,0,770
1305,205,2,0,771
1306,205,3,0,773
1307,205,4,0,775
1308,205,5,0,777
1309,206,1,5,727
1310,206,2,4,729
1311,206,3,3,731
1312,206,4,2,733
1313,206,5,1,735
1314,206,6,0,413
1315,206,7,0,739
1316,206,8,0,741
1317,206,9,0,743
1318,206,10,0,744
1319,207,1,10,728
1320,207,2,8,730
1321,207,3,6,732
1322,207,4,4,734
1323,207,5,2,736
1324,207,6,1,738
1325,207,7,1,740
1326,207,8,1,742
1327,207,9,1,622
1328,207,10,1,623
1329,208,1,5,526
1330,208,2,4,746
1331,208,3,3,333
1332,208,4,0,746
1333,208,5,0,526
1334,209,1,5,745
1335,209,2,4,747
1336,209,3,3,748
1337,209,4,2,749
1338,209,5,1,534
1339,210,1,5,716
1340,210,2,4,579
1341,210,3,3,604
1342,210,4,2,645
1343,210,5,1,257
1344,211,1,5,671
1345,211,2,4,652
1346,211,3,3,717
1347,211,4,2,658
1348,211,5,1,319
1349,212,1,5,117
1350,212,2,4,474
1351,212,3,3,388
1352,212,4,2,125
1353,212,5,1,208
1354,213,1,5,133
1355,213,2,4,109
1356,213,3,3,719
1357,213,4,2,720
1358,213,5,1,274
1359,214,1,0,620
1360,214,2,0,620
1361,214,3,0,351
1362,214,4,0,351
1363,215,1,0,766
1364,215,2,0,548
1365,215,3,0,767
1366,215,4,0,768
1367,216,1,5,564
1368,216,2,4,341
1369,216,3,3,751
1370,216,4,2,753
1371,216,5,1,526
1372,217,1,5,492
1373,217,2,4,750
1374,217,3,3,752
1375,217,4,2,754
1376,217,5,0,754
1377,218,1,0,122
1378,218,2,0,755
1379,218,3,0,757
1380,218,4,0,122
1381,218,5,0,755
1382,219,1,5,542
1383,219,2,4,756
1384,219,3,3,289
1385,219,4,2,568
1386,219,5,1,369
1387,220,1,5,497
1388,220,2,4,761
1389,220,3,0,497
1390,220,4,0,761
1391,220,5,1,764
1392,221,1,5,336
1393,221,2,4,762
1394,221,3,3,763
1395,221,4,2,338
1396,221,5,1,765
1397,222,1,5,704
1398,222,2,4,758
1399,222,3,3,759
1400,222,4,2,553
1401,222,5,1,551
1402,223,1,5,556
1403,223,2,4,557
1404,223,3,3,517
1405,223,4,2,760
1406,223,5,1,707
1407,224,1,5,778
1408,224,2,4,780
1409,224,3,3,495
1410,224,4,2,574
1411,224,5,1,783
1412,225,1,5,779
1413,225,2,4,781
1414,225,3,3,221
1415,225,4,2,782
1416,225,5,1,784
1417,226,1,5,604
1418,226,2,4,582
1419,226,3,3,645
1420,226,4,2,786
1421,226,5,1,444
1422,227,1,5,767
1423,227,2,4,682
1424,227,3,3,785
1425,227,4,2,658
1426,227,5,1,787
1427,228,1,5,134
1428,228,2,4,125
1429,228,3,3,113
1430,228,4,2,788
1431,228,5,1,789
1432,228,6,0,789
1433,228,7,0,173
1434,228,8,0,589
1435,229,1,10,292
1436,229,2,8,132
1437,229,3,6,230
1438,229,4,4,118
1439,229,5,2,657
1440,229,6,1,583
1441,229,7,1,585
1442,229,8,1,128
1443,230,1,5,112
1444,230,2,4,453
1445,230,3,3,189
1446,230,4,2,139
1447,230,5,1,793
1448,231,1,5,791
1449,231,2,4,104
1450,231,3,3,107
1451,231,4,2,792
1452,231,5,1,168
1453,232,1,0,324
1454,232,2,0,678
1455,232,3,0,240
1456,232,4,0,678
1457,232,5,0,800
1458,233,1,0,315
1459,233,2,0,406
1460,233,3,0,158
1461,233,4,0,225
1462,233,5,0,110
1463,234,1,5,594
1464,234,2,4,678
1465,234,3,3,796
1466,234,4,2,324
1467,234,5,0,324
1468,235,1,5,794
1469,235,2,4,795
1470,235,3,3,601
1471,235,4,2,797
1472,235,5,1,798
1473,236,1,5,140
1474,236,2,0,140
1475,236,3,3,214
1476,236,4,2,417
1477,236,5,1,799
1478,237,1,5,268
1479,237,2,4,448
1480,237,3,3,339
1481,237,4,2,110
1482,237,5,1,600
1483,238,1,5,111
1484,238,2,4,801
1485,238,3,3,106
1486,238,4,0,801
1487,238,5,1,240
1488,239,1,5,170
1489,239,2,4,792
1490,239,3,3,542
1491,239,4,2,516
1492,239,5,1,399
1493,240,1,0,814
1494,240,2,0,816
1495,240,3,0,817
1496,240,4,0,819
1497,240,5,0,821
1498,241,1,0,815
1499,241,2,0,617
1500,241,3,0,818
1501,241,4,0,820
1502,241,5,0,822
1503,242,1,10,739
1504,242,2,8,802
1505,242,3,6,727
1506,242,4,4,806
1507,242,5,2,807
1508,242,6,1,611
1509,242,7,1,731
1510,242,8,0,731
1511,242,9,1,810
1512,242,10,1,735
1513,243,1,10,466
1514,243,2,8,803
1515,243,3,6,805
1516,243,4,4,615
1517,243,5,2,808
1518,243,6,1,622
1519,243,7,1,809
1520,243,8,1,732
1521,243,9,1,811
1522,243,10,1,618
1523,244,1,0,526
1524,244,2,0,526
1525,244,3,0,352
1526,244,4,0,352
1527,244,5,0,610
1528,245,1,5,712
1529,245,2,4,534
1530,245,3,3,813
1531,245,4,2,812
1532,245,5,1,632
1533,246,1,5,796
1534,246,2,4,830
1535,246,3,3,896
1536,246,4,2,605
1537,246,5,0,796
1538,247,1,5,825
1539,247,2,4,829
1540,247,3,3,350
1541,247,4,2,559
1542,247,5,1,826
1543,248,1,5,121
1544,248,2,4,185
1545,248,3,3,174
1546,248,4,2,173
1547,248,5,1,117
1548,249,1,5,274
1549,249,2,4,441
1550,249,3,3,479
1551,249,4,2,118
1552,249,5,1,292
1553,250,1,5,106
1554,250,2,4,298
1555,250,3,3,238
1556,250,4,2,172
1557,250,5,1,189
1558,251,1,5,176
1559,251,2,4,170
1560,251,3,3,107
1561,251,4,2,143
1562,251,5,1,243
1563,252,1,5,831
1564,252,2,4,833
1565,252,3,3,528
1566,252,4,2,835
1567,252,5,1,836
1568,253,1,10,832
1569,253,2,8,834
1570,253,3,6,505
1571,253,4,4,694
1572,253,5,2,837
1573,253,6,1,838
1574,253,7,1,839
1575,253,8,1,840
1576,253,9,1,762
1577,253,10,1,841
1578,254,1,5,842
1579,254,2,4,764
1580,254,3,3,844
1581,254,4,2,845
1582,254,5,1,778
1583,255,1,5,336
1584,255,2,4,843
1585,255,3,3,137
1586,255,4,2,846
1587,255,5,1,368
1588,256,1,5,796
1589,256,2,0,796
1590,256,3,3,678
1591,256,4,2,203
1592,256,5,1,739
1593,257,1,5,825
1594,257,2,4,338
1595,257,3,3,829
1596,257,4,2,826
1597,257,5,1,767
1598,258,1,5,173
1599,258,2,4,582
1600,258,3,3,297
1601,258,4,0,173
1602,258,5,1,790
1603,259,1,5,657
1604,259,2,4,220
1605,259,3,3,118
1606,259,4,2,197
1607,259,5,1,262
1608,260,1,5,453
1609,260,2,4,112
1610,260,3,3,172
1611,260,4,2,122
1612,260,5,1,139
1613,261,1,5,868
1614,261,2,4,191
1615,261,3,3,454
1616,261,4,2,168
1617,261,5,1,119
1618,262,1,5,594
1619,262,2,4,849
1620,262,3,3,218
1621,262,4,0,594
1622,262,5,1,216
1623,263,1,5,848
1624,263,2,4,270
1625,263,3,3,467
1626,263,4,2,850
1627,263,5,1,466
1628,264,1,0,214
1629,264,2,0,214
1630,264,3,0,214
1631,265,1,0,825
1632,265,2,0,851
1633,265,3,0,110
1634,266,1,5,801
1635,266,2,4,139
1636,266,3,3,106
1637,266,4,2,189
1638,266,5,1,167
1639,267,1,0,119
1640,267,2,0,119
1641,267,3,0,143
1642,267,4,0,210
1643,267,5,0,210
1644,268,1,5,863
1645,268,2,4,778
1646,268,3,3,866
1647,268,4,2,495
1648,268,5,0,866
1649,269,1,5,864
1650,269,2,4,865
1651,269,3,3,336
1652,269,4,2,867
1653,269,5,1,840
1654,270,1,0,208
1655,270,2,0,678
1656,270,3,0,257
1657,271,1,0,825
1658,271,2,0,232
1659,271,3,0,194
1660,272,1,10,678
1661,272,2,8,146
1662,272,3,6,216
1663,272,4,4,796
1664,272,5,2,322
1665,272,6,1,246
1666,272,7,1,257
1667,272,8,1,858
1668,273,1,10,859
1669,273,2,8,853
1670,273,3,6,596
1671,273,4,4,848
1672,273,5,2,860
1673,273,6,1,861
1674,273,7,1,150
1675,273,8,1,717
1676,274,1,5,125
1677,274,2,4,589
1678,274,3,3,645
1679,274,4,2,582
1680,274,5,1,174
1681,275,1,10,138
1682,275,2,8,825
1683,275,3,6,118
1684,275,4,4,479
1685,275,5,2,197
1686,275,6,1,251
1687,275,7,1,657
1688,276,1,5,172
1689,276,2,4,238
1690,276,3,3,275
1691,276,4,2,189
1692,276,5,1,801
1693,277,1,5,176
1694,277,2,4,191
1695,277,3,3,143
1696,277,4,2,230
1697,277,5,1,108
1698,278,1,5,676
1699,278,2,4,203
1700,278,3,3,870
1701,278,4,0,676
1702,278,5,0,870
1703,279,1,5,869
1704,279,2,4,282
1705,279,3,3,859
1706,279,4,2,430
1707,279,5,1,826
1708,280,1,5,796
1709,280,2,4,173
1710,280,3,3,117
1711,280,4,2,790
1712,280,5,1,146
1713,281,1,5,657
1714,281,2,4,685
1715,281,3,3,274
1716,281,4,2,825
1717,281,5,1,851
1718,282,1,5,112
1719,282,2,4,139
1720,282,3,3,129
1721,282,4,2,238
1722,282,5,1,111
1723,283,1,5,119
1724,283,2,4,168
1725,283,3,3,516
1726,283,4,2,170
1727,283,5,1,399
1728,284,1,5,564
1729,284,2,0,564
1730,284,3,3,704
1731,284,4,2,778
1732,284,5,1,871
1733,285,1,5,547
1734,285,2,4,848
1735,285,3,3,867
1736,285,4,2,707
1737,285,5,1,837
1738,286,1,5,836
1739,286,2,4,778
1740,286,3,3,872
1741,286,4,0,872
1742,286,5,1,873
1743,286,6,0,778
1744,286,7,0,873
1745,286,8,0,836
1746,286,9,0,874
1747,286,10,0,497
1748,287,1,10,875
1749,287,2,8,876
1750,287,3,6,336
1751,287,4,4,877
1752,287,5,2,840
1753,287,6,1,763
1754,287,7,1,878
1755,287,8,1,879
1756,287,9,1,696
1757,287,10,1,839
1758,288,1,5,508
1759,288,2,0,508
1760,288,3,3,312
1761,288,4,2,884
1762,288,5,0,312
1763,289,1,5,883
1764,289,2,4,848
1765,289,3,3,320
1766,289,4,2,885
1767,289,5,1,869
1768,290,1,5,704
1769,290,2,4,174
1770,290,3,3,678
1771,290,4,2,796
1772,290,5,1,582
1773,291,1,5,825
1774,291,2,4,263
1775,291,3,3,712
1776,291,4,2,282
1777,291,5,1,707
1778,292,1,5,112
1779,292,2,4,122
1780,292,3,3,359
1781,292,4,2,139
1782,292,5,1,111
1783,293,1,5,168
1784,293,2,4,519
1785,293,3,3,868
1786,293,4,2,399
1787,293,5,1,516
1788,294,1,10,620
1789,294,2,8,887
1790,294,3,6,888
1791,294,4,4,544
1792,294,5,2,594
1793,294,6,1,871
1794,294,7,1,312
1795,294,8,1,855
1796,294,9,1,891
1797,295,1,10,711
1798,295,2,8,150
1799,295,3,6,889
1800,295,4,4,532
1801,295,5,2,869
1802,295,6,1,622
1803,295,7,1,547
1804,295,8,1,890
1805,295,9,1,877
1806,296,1,5,526
1807,296,2,4,564
1808,296,3,3,333
1809,296,4,2,491
1810,296,5,1,297
1811,297,1,10,337
1812,297,2,8,825
1813,297,3,6,652
1814,297,4,4,534
1815,297,5,2,657
1816,297,6,1,892
1817,297,7,1,893
1818,298,1,5,239
1819,298,2,4,394
1820,298,3,3,112
1821,298,4,2,238
1822,298,5,1,895
1823,299,1,5,119
1824,299,2,4,568
1825,299,3,3,345
1826,299,4,2,396
1827,299,5,1,399
1828,300,1,0,907
1829,300,2,0,774
1830,300,3,0,907
1831,300,4,0,908
1832,300,5,0,909
1833,301,1,0,910
1834,301,2,0,911
1835,301,3,0,912
1836,301,4,0,913
1837,301,5,0,914
1838,302,1,5,739
1839,302,2,4,731
1840,302,3,0,731
1841,302,4,2,729
1842,302,5,0,729
1843,303,1,5,899
1844,303,2,4,900
1845,303,3,3,730
1846,303,4,2,815
1847,303,5,1,623
1848,304,1,0,413
1849,304,2,0,413
1850,304,3,0,353
1851,304,4,0,353
1852,304,5,0,905
1853,305,1,5,712
1854,305,2,4,906
1855,305,3,3,749
1856,305,4,2,736
1857,305,5,1,813
1858,306,1,5,125
1859,306,2,4,604
1860,306,3,3,117
1861,306,4,2,915
1862,306,5,1,257
1863,307,1,5,916
1864,307,2,4,320
1865,307,3,3,917
1866,307,4,2,658
1867,307,5,1,918
1868,308,1,5,919
1869,308,2,4,920
1870,308,3,3,778
1871,308,4,2,873
1872,308,5,1,921
1873,309,1,5,879
1874,309,2,4,877
1875,309,3,3,840
1876,309,4,2,221
1877,309,5,1,922
1878,310,1,0,888
1879,310,2,0,807
1880,310,3,0,888
1881,310,4,0,923
1882,311,1,0,924
1883,311,2,0,925
1884,311,3,0,926
1885,311,4,0,927
1886,312,1,5,122
1887,312,2,4,564
1888,312,3,3,526
1889,312,4,2,491
1890,312,5,1,341
1891,313,1,0,345
1892,313,2,0,345
1893,313,3,0,534
1894,313,4,0,929
1895,313,5,0,345
1896,314,1,0,208
1897,314,2,0,136
1898,314,3,0,113
1899,314,4,0,125
1900,314,5,0,444
1901,315,1,0,108
1902,315,2,0,285
1903,315,3,0,825
1904,315,4,0,675
1905,315,5,0,109
1906,316,1,5,246
1907,316,2,4,321
1908,316,3,3,930
1909,316,4,2,931
1910,316,5,1,858
1911,317,1,5,150
1912,317,2,4,933
1913,317,3,3,145
1914,317,4,2,934
1915,317,5,1,820
1916,318,1,5,582
1917,318,2,4,796
1918,318,3,3,125
1919,318,4,2,113
1920,318,5,1,234
1921,319,1,5,274
1922,319,2,4,251
1923,319,3,3,825
1924,319,4,2,583
1925,319,5,1,110
1926,320,1,5,298
1927,320,2,4,793
1928,320,3,3,139
1929,320,4,2,136
1930,320,5,1,936
1931,321,1,5,108
1932,321,2,4,119
1933,321,3,3,937
1934,321,4,2,104
1935,321,5,1,938
1936,322,1,5,434
1937,322,2,4,325
1938,322,3,0,325
1939,322,4,2,941
1940,322,5,1,930
1941,323,1,5,939
1942,323,2,4,940
1943,323,3,3,760
1944,323,4,2,942
1945,323,5,1,943
1946,324,1,5,112
1947,324,2,4,111
1948,324,3,3,171
1949,324,4,2,326
1950,324,5,1,796
1951,325,1,5,119
1952,325,2,4,517
1953,325,3,3,945
1954,325,4,2,187
1955,325,5,1,946
1956,326,1,5,947
1957,326,2,4,604
1958,326,3,3,203
1959,326,4,2,669
1960,326,5,1,950
1961,327,1,10,939
1962,327,2,8,948
1963,327,3,6,860
1964,327,4,4,675
1965,327,5,2,869
1966,327,6,1,861
1967,327,7,1,952
1968,327,8,1,1400
1969,328,1,5,796
1970,328,2,4,125
1971,328,3,3,678
1972,328,4,2,146
1973,328,5,1,645
1974,329,1,5,657
1975,329,2,4,825
1976,329,3,3,292
1977,329,4,2,138
1978,329,5,1,378
1979,330,1,5,238
1980,330,2,4,139
1981,330,3,3,111
1982,330,4,2,112
1983,330,5,1,208
1984,331,1,5,454
1985,331,2,4,133
1986,331,3,3,230
1987,331,4,2,516
1988,331,5,1,119
1989,332,1,0,240
1990,332,2,0,931
1991,332,3,0,931
1992,332,4,0,240
1993,332,5,0,930
1994,333,1,0,964
1995,333,2,0,767
1996,333,3,0,825
1997,333,4,0,960
1998,333,5,0,158
1999,334,1,5,858
2000,334,2,4,930
2001,334,3,3,427
2002,334,4,0,427
2003,334,5,1,896
2004,335,1,5,767
2005,335,2,4,959
2006,335,3,3,960
2007,335,4,2,962
2008,335,5,1,430
2009,336,1,5,174
2010,336,2,0,174
2011,336,3,3,796
2012,336,4,2,594
2013,336,5,1,297
2014,337,1,5,220
2015,337,2,4,274
2016,337,3,3,152
2017,337,4,2,158
2018,337,5,1,268
2019,338,1,5,602
2020,338,2,4,112
2021,338,3,3,139
2022,338,4,2,111
2023,338,5,1,240
2024,339,1,5,576
2025,339,2,4,399
2026,339,3,3,516
2027,339,4,2,170
2028,339,5,1,119
2029,340,1,5,806
2030,340,2,4,888
2031,340,3,3,976
2032,340,4,2,739
2033,340,5,1,979
2034,341,1,10,734
2035,341,2,8,803
2036,341,3,6,767
2037,341,4,4,978
2038,341,5,2,547
2039,341,6,1,980
2040,341,7,1,622
2041,341,8,1,615
2042,341,9,1,900
2043,341,10,1,466
2044,342,1,5,526
2045,342,2,4,984
2046,342,3,0,526
2047,342,4,2,987
2048,342,5,1,810
2049,343,1,5,750
2050,343,2,4,985
2051,343,3,3,986
2052,343,4,2,894
2053,343,5,1,221
2054,344,1,5,968
2055,344,2,4,965
2056,344,3,3,966
2057,344,4,2,969
2058,344,5,1,930
2059,345,1,10,430
2060,345,2,8,869
2061,345,3,6,974
2062,345,4,4,972
2063,345,5,2,971
2064,346,1,5,174
2065,346,2,4,173
2066,346,3,3,796
2067,346,4,2,678
2068,346,5,1,146
2069,347,1,5,827
2070,347,2,4,479
2071,347,3,3,282
2072,347,4,2,939
2073,347,5,1,118
2074,348,1,5,238
2075,348,2,4,172
2076,348,3,3,111
2077,348,4,2,189
2078,348,5,1,112
2079,349,1,5,170
2080,349,2,4,143
2081,349,3,3,176
2082,349,4,2,825
2083,349,5,1,131
2084,350,1,10,844
2085,350,2,8,993
2086,350,3,6,995
2087,350,4,4,836
2088,350,5,2,997
2089,350,6,1,999
2090,350,7,1,874
2091,350,8,1,528
2092,350,9,1,1000
2093,350,10,1,1002
2094,351,1,10,992
2095,351,2,8,994
2096,351,3,6,834
2097,351,4,4,996
2098,351,5,2,998
2099,351,6,1,832
2100,351,7,1,877
2101,351,8,1,865
2102,351,9,1,1001
2103,351,10,1,1003
2104,352,1,5,947
2105,352,2,4,968
2106,352,3,3,931
2107,352,4,2,669
2108,352,5,1,930
2109,353,1,5,974
2110,353,2,4,883
2111,353,3,3,200
2112,353,4,2,829
2113,353,5,1,320
2114,354,1,5,796
2115,354,2,4,113
2116,354,3,3,173
2117,354,4,2,678
2118,354,5,1,117
2119,355,1,5,767
2120,355,2,4,292
2121,355,3,3,657
2122,355,4,2,197
2123,355,5,1,120
2124,356,1,5,112
2125,356,2,4,129
2126,356,3,3,172
2127,356,4,2,139
2128,356,5,1,111
2129,357,1,5,454
2130,357,2,4,868
2131,357,3,3,516
2132,357,4,2,119
2133,357,5,1,170
2134,358,1,0,174
2135,358,2,0,142
2136,358,3,0,125
2137,358,4,0,146
2138,358,5,0,257
2139,359,1,0,825
2140,359,2,0,1017
2141,359,3,0,406
2142,359,4,0,285
2143,359,5,0,274
2144,360,1,5,142
2145,360,2,4,1009
2146,360,3,3,931
2147,360,4,2,669
2148,360,5,1,1011
2149,361,1,10,1008
2150,361,2,8,320
2151,361,3,6,860
2152,361,4,4,1010
2153,361,5,2,1012
2154,361,6,1,971
2155,361,7,1,828
2156,361,8,1,200
2157,362,1,10,1014
2158,362,2,8,796
2159,362,3,6,174
2160,362,4,4,589
2161,362,5,2,215
2162,362,6,1,117
2163,362,7,1,146
2164,362,8,1,256
2165,362,9,1,1015
2166,362,10,1,113
2167,363,1,10,479
2168,363,2,8,118
2169,363,3,6,229
2170,363,4,4,274
2171,363,5,2,138
2172,363,6,1,406
2173,363,7,1,671
2174,363,8,1,657
2175,363,9,1,473
2176,363,10,1,150
2177,364,1,5,801
2178,364,2,4,112
2179,364,3,3,189
2180,364,4,2,125
2181,364,5,1,172
2182,365,1,10,176
2183,365,2,8,210
2184,365,3,6,596
2185,365,4,4,191
2186,365,5,2,119
2187,365,6,1,1017
2188,366,1,5,931
2189,366,2,4,669
2190,366,3,3,930
2191,366,4,2,966
2192,366,5,1,1019
2193,367,1,5,1010
2194,367,2,4,883
2195,367,3,0,883
2196,367,4,2,1020
2197,367,5,1,153
2198,368,1,5,113
2199,368,2,4,174
2200,368,3,0,174
2201,368,4,2,117
2202,368,5,1,173
2203,369,1,5,657
2204,369,2,4,274
2205,369,3,3,320
2206,369,4,2,685
2207,369,5,1,1018
2208,370,1,5,112
2209,370,2,4,129
2210,370,3,3,796
2211,370,4,2,111
2212,370,5,0,111
2213,371,1,5,825
2214,371,2,4,516
2215,371,3,3,170
2216,371,4,2,119
2217,371,5,1,399
2218,372,1,0,931
2219,372,2,0,497
2220,372,3,0,930
2221,372,4,0,1024
2222,373,1,0,1022
2223,373,2,0,547
2224,373,3,0,767
2225,373,4,0,825
2226,374,1,5,1021
2227,374,2,4,836
2228,374,3,3,931
2229,374,4,2,497
2230,374,5,1,930
2231,375,1,0,1022
2232,375,2,0,1022
2233,375,3,0,1023
2234,375,4,0,1023
2235,375,5,0,547
2236,376,1,0,594
2237,376,2,0,301
2238,376,3,0,871
2239,376,4,0,739
2240,376,5,0,930
2241,377,1,0,825
2242,377,2,0,622
2243,377,3,0,119
2244,377,4,0,877
2245,377,5,0,200
2246,378,1,10,887
2247,378,2,8,888
2248,378,3,6,1021
2249,378,4,4,871
2250,378,5,2,855
2251,378,6,1,858
2252,378,7,1,497
2253,378,8,1,1009
2254,378,9,1,874
2255,378,10,1,739
2256,379,1,10,948
2257,379,2,8,319
2258,379,3,6,622
2259,379,4,4,711
2260,379,5,2,1026
2261,379,6,1,338
2262,379,7,1,547
2263,379,8,1,200
2264,379,9,1,839
2265,379,10,1,1012
2266,380,1,5,594
2267,380,2,4,526
2268,380,3,3,491
2269,380,4,0,491
2270,380,5,1,301
2271,381,1,5,712
2272,381,2,4,534
2273,381,3,3,337
2274,381,4,2,263
2275,381,5,1,707
2276,382,1,0,306
2277,382,2,0,359
2278,382,3,0,306
2279,382,4,0,239
2280,382,5,0,359
2281,383,1,5,1028
2282,383,2,4,119
2283,383,3,3,369
2284,383,4,2,825
2285,383,5,1,922
2286,384,1,0,1029
2287,384,2,0,1029
2288,384,3,0,1031
2289,384,4,0,1031
2290,384,5,0,932
2291,385,1,5,1030
2292,385,2,4,861
2293,385,3,3,675
2294,385,4,2,1033
2295,385,5,1,658
2296,386,1,5,125
2297,386,2,4,208
2298,386,3,3,117
2299,386,4,2,931
2300,386,5,1,604
2301,387,1,5,191
2302,387,2,4,138
2303,387,3,3,320
2304,387,4,2,1034
2305,387,5,1,274
2306,388,1,0,930
2307,388,2,0,930
2308,388,3,0,930
2309,388,4,0,1037
2310,388,5,0,1037
2311,389,1,5,1035
2312,389,2,4,1036
2313,389,3,3,1023
2314,389,4,2,1038
2315,389,5,1,1039
2316,390,1,0,122
2317,390,2,0,122
2318,390,3,0,526
2319,390,4,0,526
2320,390,5,0,341
2321,391,1,5,1028
2322,391,2,4,385
2323,391,3,3,369
2324,391,4,2,622
2325,391,5,1,767
2326,392,1,5,1056
2327,392,2,4,1058
2328,392,3,3,920
2329,392,4,2,1059
2330,392,5,1,995
2331,393,1,5,1057
2332,393,2,4,879
2333,393,3,3,877
2334,393,4,2,1060
2335,393,5,1,1061
2336,394,1,0,941
2337,394,2,0,941
2338,394,3,0,941
2339,394,4,0,758
2340,394,5,0,758
2341,395,1,5,1042
2342,395,2,4,1043
2343,395,3,3,1044
2344,395,4,2,181
2345,395,5,1,1045
2346,396,1,5,1050
2347,396,2,4,1051
2348,396,3,0,1050
2349,396,4,2,678
2350,396,5,1,325
2351,397,1,5,1052
2352,397,2,4,939
2353,397,3,3,557
2354,397,4,2,517
2355,397,5,1,237
2356,398,1,0,208
2357,398,2,0,136
2358,398,3,0,125
2359,398,4,0,678
2360,398,5,0,113
2361,399,1,0,825
2362,399,2,0,109
2363,399,3,0,934
2364,399,4,0,583
2365,399,5,0,104
2366,400,1,5,669
2367,400,2,4,1063
2368,400,3,3,1029
2369,400,4,0,669
2370,400,5,0,1029
2371,401,1,5,1062
2372,401,2,4,934
2373,401,3,3,1064
2374,401,4,2,675
2375,401,5,1,832
2376,402,1,5,171
2377,402,2,4,678
2378,402,3,3,582
2379,402,4,2,931
2380,402,5,0,171
2381,403,1,5,657
2382,403,2,4,379
2383,403,3,3,320
2384,403,4,2,274
2385,403,5,1,583
2386,404,1,5,112
2387,404,2,4,796
2388,404,3,3,125
2389,404,4,2,208
2390,404,5,1,136
2391,405,1,5,519
2392,405,2,4,825
2393,405,3,3,119
2394,405,4,2,109
2395,405,5,1,1065
2396,406,1,10,947
2397,406,2,8,207
2398,406,3,6,203
2399,406,4,4,930
2400,406,5,2,444
2401,406,6,1,884
2402,406,7,1,969
2403,406,8,1,1070
2404,406,9,1,1071
2405,407,1,10,971
2406,407,2,8,860
2407,407,3,6,954
2408,407,4,4,1068
2409,407,5,2,1069
2410,407,6,1,1010
2411,407,7,1,934
2412,407,8,1,828
2413,407,9,1,1072
2414,408,1,5,968
2415,408,2,4,589
2416,408,3,3,311
2417,408,4,2,931
2418,408,5,1,582
2419,409,1,5,974
2420,409,2,4,479
2421,409,3,3,583
2422,409,4,2,767
2423,409,5,1,851
2424,410,1,5,453
2425,410,2,4,238
2426,410,3,3,139
2427,410,4,2,112
2428,410,5,1,129
2429,411,1,5,791
2430,411,2,4,230
2431,411,3,3,454
2432,411,4,2,119
2433,411,5,1,1074
2434,412,1,0,174
2435,412,2,0,739
2436,412,3,0,739
2437,412,4,0,174
2438,412,5,0,422
2439,413,1,0,200
2440,413,2,0,825
2441,413,3,0,767
2442,413,4,0,350
2443,413,5,0,406
2444,414,1,5,1076
2445,414,2,4,460
2446,414,3,3,427
2447,414,4,2,1078
2448,414,5,1,739
2449,415,1,5,200
2450,415,2,4,962
2451,415,3,3,1077
2452,415,4,2,1079
2453,415,5,1,1080
2454,416,1,5,594
2455,416,2,4,174
2456,416,3,3,146
2457,416,4,2,417
2458,416,5,1,931
2459,417,1,5,320
2460,417,2,4,110
2461,417,3,3,767
2462,417,4,2,274
2463,417,5,1,430
2464,418,1,5,238
2465,418,2,4,189
2466,418,3,3,122
2467,418,4,2,801
2468,418,5,1,796
2469,419,1,5,596
2470,419,2,4,825
2471,419,3,3,170
2472,419,4,2,191
2473,419,5,1,1085
2474,420,1,0,1097
2475,420,2,0,1098
2476,420,3,0,817
2477,420,4,0,1099
2478,420,5,0,817
2479,421,1,0,1101
2480,421,2,0,1102
2481,421,3,0,1103
2482,421,4,0,1104
2483,421,5,0,1105
2484,422,1,0,930
2485,422,2,0,816
2486,422,3,0,739
2487,422,4,0,611
2488,423,1,0,547
2489,423,2,0,1094
2490,423,3,0,1095
2491,423,4,0,809
2492,424,1,5,816
2493,424,2,4,739
2494,424,3,3,1086
2495,424,4,2,1087
2496,424,5,1,621
2497,425,1,10,547
2498,425,2,8,978
2499,425,3,6,738
2500,425,4,4,615
2501,425,5,2,466
2502,425,6,1,1091
2503,425,7,1,1092
2504,426,1,5,526
2505,426,2,4,1093
2506,426,3,0,526
2507,426,4,2,888
2508,426,5,1,930
2509,427,1,5,734
2510,427,2,4,902
2511,427,3,3,534
2512,427,4,2,750
2513,427,5,1,989
2514,428,1,0,567
2515,428,2,0,567
2516,429,1,0,1028
2517,429,2,0,1096
2518,430,1,5,950
2519,430,2,4,969
2520,430,3,3,965
2521,430,4,2,1031
2522,430,5,1,1063
2523,431,1,5,1108
2524,431,2,4,972
2525,431,3,3,1109
2526,431,4,2,971
2527,431,5,1,1110
2528,432,1,5,121
2529,432,2,4,968
2530,432,3,3,185
2531,432,4,2,931
2532,432,5,1,146
2533,433,1,5,827
2534,433,2,4,200
2535,433,3,3,974
2536,433,4,2,939
2537,433,5,1,441
2538,434,1,5,796
2539,434,2,4,298
2540,434,3,3,112
2541,434,4,2,174
2542,434,5,1,208
2543,435,1,5,596
2544,435,2,4,119
2545,435,3,3,399
2546,435,4,2,104
2547,435,5,1,176
2548,436,1,10,842
2549,436,2,8,1056
2550,436,3,6,497
2551,436,4,4,845
2552,436,5,2,920
2553,436,6,1,1006
2554,436,7,1,1115
2555,436,8,1,999
2556,436,9,1,1116
2557,436,10,1,871
2558,437,1,10,1121
2559,437,2,8,1060
2560,437,3,6,865
2561,437,4,4,1122
2562,437,5,2,843
2563,437,6,1,1005
2564,437,7,1,877
2565,437,8,1,882
2566,437,9,1,1123
2567,437,10,1,837
2568,438,1,5,969
2569,438,2,4,884
2570,438,3,3,444
2571,438,4,2,1125
2572,438,5,1,1063
2573,439,1,5,1010
2574,439,2,4,1126
2575,439,3,3,1127
2576,439,4,2,1069
2577,439,5,1,1128
2578,440,1,5,968
2579,440,2,4,931
2580,440,3,3,113
2581,440,4,2,947
2582,440,5,1,117
2583,441,1,5,200
2584,441,2,4,197
2585,441,3,3,320
2586,441,4,2,767
2587,441,5,1,378
2588,442,1,5,129
2589,442,2,4,172
2590,442,3,3,298
2591,442,4,2,122
2592,442,5,1,112
2593,443,1,5,133
2594,443,2,4,454
2595,443,3,3,399
2596,443,4,2,119
2597,443,5,1,170
2598,444,1,5,1116
2599,444,2,4,1133
2600,444,3,3,1134
2601,444,4,2,920
2602,444,5,1,1136
2603,445,1,5,1132
2604,445,2,4,1060
2605,445,3,3,837
2606,445,4,2,1135
2607,445,5,1,882
2608,446,1,0,208
2609,446,2,0,481
2610,446,3,0,125
2611,446,4,0,257
2612,446,5,0,444
2613,447,1,0,108
2614,447,2,0,851
2615,447,3,0,200
2616,447,4,0,1010
2617,447,5,0,825
2618,448,1,5,884
2619,448,2,4,257
2620,448,3,3,475
2621,448,4,2,966
2622,448,5,1,444
2623,449,1,10,1069
2624,449,2,8,1127
2625,449,3,6,954
2626,449,4,4,1129
2627,449,5,2,934
2628,449,6,1,1130
2629,449,7,1,1072
2630,449,8,1,861
2631,450,1,5,931
2632,450,2,4,589
2633,450,3,3,146
2634,450,4,2,214
2635,450,5,1,184
2636,451,1,10,1010
2637,451,2,8,200
2638,451,3,6,320
2639,451,4,4,860
2640,451,5,2,851
2641,451,6,1,292
2642,451,7,1,674
2643,452,1,5,793
2644,452,2,4,189
2645,452,3,3,801
2646,452,4,2,208
2647,452,5,1,796
2648,453,1,5,791
2649,453,2,4,596
2650,453,3,3,230
2651,453,4,2,108
2652,453,5,1,143
2653,454,1,5,1138
2654,454,2,4,679
2655,454,3,0,1138
2656,454,4,0,679
2657,454,5,1,1019
2658,455,1,5,1069
2659,455,2,4,680
2660,455,3,3,1139
2661,455,4,2,1140
2662,455,5,1,1127
2663,456,1,5,931
2664,456,2,0,931
2665,456,3,3,173
2666,456,4,2,947
2667,456,5,1,117
2668,457,1,5,1010
2669,457,2,4,200
2670,457,3,3,320
2671,457,4,2,473
2672,457,5,1,685
2673,458,1,5,1142
2674,458,2,0,1142
2675,458,3,3,244
2676,458,4,2,687
2677,458,5,1,238
2678,459,1,5,454
2679,459,2,4,170
2680,459,3,3,657
2681,459,4,2,119
2682,459,5,1,191
2683,460,1,0,125
2684,460,2,0,208
2685,460,3,0,739
2686,460,4,0,173
2687,460,5,0,101
2688,461,1,0,200
2689,461,2,0,825
2690,461,3,0,534
2691,461,4,0,274
2692,461,5,0,466
2693,462,1,5,1116
2694,462,2,4,1120
2695,462,3,3,729
2696,462,4,2,884
2697,462,5,1,836
2698,463,1,10,738
2699,463,2,8,879
2700,463,3,6,466
2701,463,4,4,1060
2702,463,5,2,883
2703,464,1,5,947
2704,464,2,4,887
2705,464,3,3,589
2706,464,4,2,888
2707,464,5,1,1143
2708,465,1,5,1069
2709,465,2,4,534
2710,465,3,3,971
2711,465,4,2,200
2712,465,5,1,1144
2713,466,1,5,275
2714,466,2,4,129
2715,466,3,3,526
2716,466,4,2,1021
2717,466,5,1,112
2718,467,1,10,657
2719,467,2,8,119
2720,467,3,6,454
2721,467,4,4,1145
2722,467,5,2,825
2723,468,1,5,966
2724,468,2,4,257
2725,468,3,3,579
2726,468,4,2,1147
2727,468,5,1,1149
2728,469,1,5,1030
2729,469,2,4,1146
2730,469,3,3,954
2731,469,4,2,1148
2732,469,5,1,1150
2733,470,1,5,376
2734,470,2,4,146
2735,470,3,3,931
2736,470,4,2,604
2737,470,5,1,208
2738,471,1,5,109
2739,471,2,4,274
2740,471,3,3,1034
2741,471,4,2,1151
2742,471,5,1,720
2743,472,1,0,447
2744,472,2,0,125
2745,472,3,0,257
2746,472,4,0,208
2747,472,5,0,930
2748,473,1,0,1010
2749,473,2,0,109
2750,473,3,0,1034
2751,473,4,0,934
2752,473,5,0,958
2753,474,1,5,447
2754,474,2,4,1152
2755,474,3,3,377
2756,474,4,2,1138
2757,474,5,1,966
2758,475,1,10,934
2759,475,2,8,958
2760,475,3,6,889
2761,475,4,4,1033
2762,475,5,2,599
2763,475,6,1,1153
2764,475,8,1,1155
2765,475,9,1,350
2766,476,1,0,931
2767,476,2,0,214
2768,476,3,0,146
2769,476,4,0,930
2770,476,5,0,930
2771,477,1,5,320
2772,477,2,4,1010
2773,477,3,3,292
2774,477,4,2,448
2775,477,5,1,110
2776,478,1,5,796
2777,478,2,4,801
2778,478,3,3,136
2779,478,4,2,112
2780,478,5,1,125
2781,479,1,5,108
2782,479,2,4,274
2783,479,3,3,109
2784,479,4,2,1065
2785,479,5,1,596
2786,480,1,5,1159
2787,480,2,4,353
2788,480,3,3,1162
2789,480,4,2,1013
2790,480,5,1,1165
2791,481,1,10,1160
2792,481,2,8,1161
2793,481,3,6,1163
2794,481,4,4,1164
2795,481,5,2,1166
2796,481,6,1,1168
2797,481,7,1,1044
2798,481,8,1,1170
2799,481,9,1,1052
2800,481,10,1,1171
2801,482,1,5,172
2802,482,2,4,704
2803,482,3,3,111
2804,482,4,2,941
2805,482,5,1,325
2806,483,1,5,130
2807,483,2,4,516
2808,483,3,3,1175
2809,483,4,2,596
2810,483,5,1,517
2811,484,1,10,966
2812,484,2,8,1131
2813,484,3,6,969
2814,484,4,4,475
2815,484,5,2,257
2816,484,6,1,1185
2817,484,7,1,1186
2818,484,8,1,1071
2819,485,1,10,1180
2820,485,2,8,1221
2821,485,3,6,1182
2822,485,4,4,1183
2823,485,5,2,1184
2824,485,6,1,1127
2825,485,7,1,1187
2826,485,8,1,1188
2827,486,1,5,134
2828,486,2,4,968
2829,486,3,3,931
2830,486,4,2,117
2831,486,5,1,113
2832,486,6,0,214
2833,486,7,0,669
2834,486,8,0,321
2835,486,9,0,146
2836,487,1,10,767
2837,487,2,8,1010
2838,487,3,6,860
2839,487,4,4,974
2840,487,5,2,1069
2841,487,6,1,200
2842,487,7,1,138
2843,487,8,1,292
2844,487,9,1,851
2845,488,1,10,129
2846,488,2,8,127
2847,488,3,6,122
2848,488,4,4,453
2849,488,5,2,112
2850,488,6,1,796
2851,488,7,1,238
2852,488,8,1,102
2853,488,9,1,111
2854,488,10,1,589
2855,489,1,10,119
2856,489,2,8,454
2857,489,3,6,133
2858,489,4,4,596
2859,489,5,2,109
2860,489,6,1,230
2861,489,7,1,825
2862,489,8,1,274
2863,489,9,1,657
2864,489,10,1,320
2865,490,1,0,1013
2866,490,2,0,401
2867,490,3,0,1197
2868,491,1,0,1193
2869,491,2,0,158
2870,491,3,0,1084
2871,492,1,5,1189
2872,492,2,4,1011
2873,492,3,3,1013
2874,492,4,2,1191
2875,492,5,1,401
2876,493,1,5,1079
2877,493,2,4,834
2878,493,3,3,1190
2879,493,4,2,1192
2880,493,5,1,1193
2881,494,1,5,801
2882,494,2,4,275
2883,494,3,3,106
2884,494,4,2,172
2885,494,5,1,594
2886,495,1,5,596
2887,495,2,4,1194
2888,495,3,3,1195
2889,495,4,2,170
2890,495,5,1,158
2891,496,1,0,1100
2892,496,2,0,1100
2893,496,3,0,611
2894,496,4,0,817
2895,496,5,0,817
2896,497,1,0,767
2897,497,2,0,894
2898,497,3,0,547
2899,497,4,0,622
2900,497,5,0,1084
2901,498,1,5,1203
2902,498,2,4,351
2903,498,3,3,907
2904,498,4,2,611
2905,498,5,1,1100
2906,499,1,5,900
2907,499,2,4,1204
2908,499,3,3,1205
2909,499,4,2,811
2910,499,5,1,822
2911,500,1,0,161
2912,500,2,0,526
2913,500,3,0,729
2914,500,4,0,526
2915,500,5,0,729
2916,501,1,5,1028
2917,501,2,4,534
2918,501,3,3,767
2919,501,4,2,622
2920,501,5,1,894
2921,502,1,0,1198
2922,502,2,0,1111
2923,502,3,0,1111
2924,502,4,0,444
2925,502,5,0,1063
2926,503,1,10,1199
2927,503,2,8,1108
2928,503,3,6,1109
2929,503,4,4,828
2930,503,5,2,1110
2931,503,6,1,1164
2932,503,7,1,177
2933,503,8,1,972
2934,504,1,5,968
2935,504,2,4,887
2936,504,3,3,969
2937,504,4,2,117
2938,504,5,1,678
2939,505,1,5,974
2940,505,2,4,971
2941,505,3,3,292
2942,505,4,2,939
2943,505,5,1,974
2944,506,1,5,975
2945,506,2,4,172
2946,506,3,3,208
2947,506,4,2,101
2948,506,5,1,1201
2949,507,1,5,176
2950,507,2,4,825
2951,507,3,3,274
2952,507,4,2,596
2953,507,5,1,1202
2954,508,1,5,1207
2955,508,2,4,1059
2956,508,3,3,1115
2957,508,4,2,1209
2958,508,5,1,497
2959,509,1,5,865
2960,509,2,4,1208
2961,509,3,3,877
2962,509,4,2,879
2963,509,5,1,1210
2964,510,1,0,136
2965,510,2,0,125
2966,510,3,0,208
2967,510,4,0,257
2968,510,5,0,884
2969,511,1,0,825
2970,511,2,0,958
2971,511,3,0,583
2972,511,4,0,1034
2973,511,5,0,1010
2974,512,1,5,1191
2975,512,2,4,227
2976,512,3,3,1111
2977,512,4,2,884
2978,512,5,1,1185
2979,513,1,5,958
2980,513,2,4,1216
2981,513,3,3,1184
2982,513,4,2,1108
2983,513,5,1,1146
2984,514,1,5,969
2985,514,2,4,594
2986,514,3,3,887
2987,514,4,2,966
2988,514,5,1,669
2989,515,1,5,974
2990,515,2,4,1069
2991,515,3,3,1010
2992,515,4,2,583
2993,515,5,1,1034
2994,516,1,5,453
2995,516,2,4,129
2996,516,3,3,589
2997,516,4,2,796
2998,516,5,1,172
2999,517,1,5,133
3000,517,2,4,292
3001,517,3,3,176
3002,517,4,2,274
3003,517,5,1,108
3004,518,1,5,201
3005,518,2,4,1071
3006,518,3,3,1019
3007,518,4,2,1186
3008,518,5,1,1223
3009,519,1,5,1220
3010,519,2,4,1221
3011,519,3,3,1109
3012,519,4,2,1222
3013,519,5,1,883
3014,520,1,5,669
3015,520,2,4,931
3016,520,3,3,117
3017,520,4,2,173
3018,520,5,1,353
3019,521,1,5,206
3020,521,2,4,583
3021,521,3,3,851
3022,521,4,2,282
3023,521,5,1,1069
3024,522,1,0,1013
3025,522,2,0,930
3026,523,1,0,767
3027,523,2,0,958
3028,524,1,5,836
3029,524,2,4,709
3030,524,3,3,530
3031,524,4,2,1226
3032,524,5,1,497
3033,525,1,5,1224
3034,525,2,4,958
3035,525,3,3,1225
3036,525,4,2,1227
3037,525,5,1,1199
3038,526,1,5,968
3039,526,2,4,729
3040,526,3,3,888
3041,526,4,2,969
3042,526,5,1,594
3043,527,1,5,767
3044,527,2,4,1069
3045,527,3,3,752
3046,527,4,2,865
3047,527,5,1,534
3048,528,1,5,526
3049,528,2,4,359
3050,528,3,3,122
3051,528,4,2,275
3052,528,5,1,796
3053,529,1,0,119
3054,529,2,0,292
3055,529,3,0,369
3056,529,4,0,825
3057,529,5,0,825
3058,530,1,5,579
3059,530,2,4,1071
3060,530,3,3,257
3061,530,4,2,1229
3062,530,5,1,1063
3063,531,1,5,1148
3064,531,2,4,658
3065,531,3,3,1218
3066,531,4,2,1184
3067,531,5,1,675
3068,532,1,5,376
3069,532,2,4,966
3070,532,3,3,125
3071,532,4,2,117
3072,532,5,1,146
3073,533,1,0,1017
3074,533,2,0,274
3075,533,3,0,1034
3076,533,4,0,1034
3077,533,5,0,274
3078,534,1,5,1185
3079,534,2,4,1235
3080,534,3,3,1165
3081,534,4,2,1401
3082,534,5,1,1239
3083,534,6,0,553
3084,534,7,0,1242
3085,534,8,0,1243
3086,534,9,0,1245
3087,535,1,10,1234
3088,535,2,8,1236
3089,535,3,6,1237
3090,535,4,4,958
3091,535,5,2,1240
3092,535,6,1,1241
3093,535,7,1,1161
3094,535,8,1,1244
3095,535,9,1,1246
3096,536,1,5,417
3097,536,2,4,1247
3098,536,3,3,884
3099,536,4,2,678
3100,536,5,1,325
3101,537,1,5,939
3102,537,2,4,473
3103,537,3,3,1046
3104,537,4,2,282
3105,537,5,1,1055
3106,538,1,0,111
3107,539,1,0,596
3108,540,1,0,136
3109,540,2,0,453
3110,540,3,0,125
3111,540,4,0,208
3112,540,5,0,1013
3113,541,1,0,110
3114,541,2,0,958
3115,541,3,0,825
3116,541,4,0,958
3117,541,5,0,110
3118,542,1,5,858
3119,542,2,4,1138
3120,542,3,3,475
3121,542,4,2,444
3122,542,5,1,1185
3123,542,6,0,1251
3124,542,7,0,1013
3125,542,8,0,1253
3126,543,1,10,958
3127,543,2,8,1080
3128,543,3,6,1220
3129,543,4,4,1156
3130,543,5,2,1250
3131,543,6,1,1252
3132,543,7,1,1183
3133,543,8,1,1254
3134,544,1,5,604
3135,544,2,4,930
3136,544,3,3,257
3137,544,4,2,214
3138,544,5,1,146
3139,545,1,0,110
3140,545,2,0,583
3141,545,3,0,954
3142,545,4,0,954
3143,545,5,0,110
3144,546,1,5,136
3145,546,2,4,796
3146,546,3,3,125
3147,546,4,2,801
3148,546,5,1,208
3149,547,1,5,133
3150,547,2,4,1302
3151,547,3,3,292
3152,547,4,2,1065
3153,547,5,1,119
3154,548,1,10,1185
3155,548,2,8,227
3156,548,3,6,1111
3157,548,4,4,475
3158,548,5,2,1070
3159,548,6,1,1259
3160,548,7,1,1198
3161,548,8,1,579
3162,548,9,1,377
3163,548,10,1,1260
3164,549,1,15,1256
3165,549,2,12,1257
3166,549,3,10,1258
3167,549,4,8,1109
3168,549,5,6,1216
3169,549,6,1,1221
3170,549,7,1,658
3171,549,8,1,1180
3172,549,9,1,307
3173,549,10,1,1080
3174,549,11,1,1402
3175,549,12,1,1403
3176,549,13,1,674
3177,549,14,1,1301
3178,550,1,10,968
3179,550,2,8,1261
3180,550,3,6,966
3181,550,4,4,887
3182,550,5,2,969
3183,550,6,1,117
3184,550,7,1,376
3185,550,8,1,294
3186,550,9,1,604
3187,550,10,1,950
3188,551,1,10,583
3189,551,2,8,138
3190,551,3,6,1108
3191,551,4,4,1126
3192,551,5,2,1069
3193,551,6,1,974
3194,551,7,1,110
3195,551,8,1,1034
3196,551,9,1,200
3197,551,10,1,860
3198,552,1,10,189
3199,552,2,8,129
3200,552,3,6,122
3201,552,4,4,112
3202,552,5,2,589
3203,552,6,1,801
3204,552,7,1,238
3205,552,8,1,453
3206,552,9,1,127
3207,552,10,1,1262
3208,553,1,10,791
3209,553,2,8,176
3210,553,3,6,454
3211,553,4,4,143
3212,553,5,2,133
3213,553,6,1,119
3214,553,7,1,274
3215,553,8,1,292
3216,553,9,1,170
3217,553,10,1,1010
3218,554,1,0,1100
3219,554,2,0,611
3220,554,3,0,1100
3221,554,4,0,611
3222,555,1,0,767
3223,555,2,0,534
3224,555,3,0,910
3225,555,4,0,622
3226,556,1,5,1203
3227,556,2,4,1100
3228,556,3,3,611
3229,556,4,2,1286
3230,556,5,1,621
3231,557,1,5,1227
3232,557,2,4,1284
3233,557,3,3,1285
3234,557,4,2,1287
3235,557,5,1,1104
3236,558,1,0,888
3237,558,2,0,301
3238,558,3,0,1291
3239,558,4,0,1292
3240,559,1,0,894
3241,559,2,0,1290
3242,559,3,0,534
3243,559,4,0,1293
3244,560,1,0,1013
3245,560,2,0,930
3246,560,3,0,444
3247,560,4,0,1185
3248,561,1,0,767
3249,561,2,0,158
3250,561,3,0,1273
3251,561,4,0,1084
3252,562,1,5,1013
3253,562,2,4,1111
3254,562,3,3,1266
3255,562,4,2,1185
3256,562,5,1,1242
3257,563,1,5,1264
3258,563,2,4,1265
3259,563,3,3,445
3260,563,4,2,1267
3261,563,5,1,1254
3262,564,1,0,594
3263,564,2,0,678
3264,564,3,0,417
3265,564,4,0,930
3266,565,1,0,379
3267,565,2,0,158
3268,565,3,0,154
3269,565,4,0,110
3270,566,1,5,122
3271,566,2,4,112
3272,566,3,3,298
3273,566,4,2,796
3274,566,5,1,931
3275,567,1,5,133
3276,567,2,4,119
3277,567,3,3,767
3278,567,4,2,292
3279,567,5,1,596
3280,568,1,0,173
3281,568,2,0,856
3282,568,3,0,257
3283,568,4,0,1280
3284,569,1,0,825
3285,569,2,0,274
3286,569,3,0,177
3287,569,4,0,282
3288,570,1,5,970
3289,570,2,4,1111
3290,570,3,3,723
3291,570,4,0,723
3292,570,5,1,1185
3293,571,1,10,1274
3294,571,2,8,1080
3295,571,3,6,1275
3296,571,4,4,721
3297,571,5,2,1216
3298,571,6,1,1240
3299,571,7,1,1112
3300,571,8,1,1199
3301,571,9,1,1110
3302,571,10,1,1276
3303,572,1,5,1283
3304,572,2,4,887
3305,572,3,3,257
3306,572,4,2,117
3307,572,5,1,1261
3308,573,1,5,206
3309,573,2,4,827
3310,573,3,3,1108
3311,573,4,2,974
3312,573,5,1,971
3313,574,1,5,968
3314,574,2,4,801
3315,574,3,3,125
3316,574,4,2,796
3317,574,5,1,172
3318,575,1,5,170
3319,575,2,4,274
3320,575,3,3,176
3321,575,4,2,292
3322,575,5,1,825
3323,576,1,0,708
3324,576,2,0,1013
3325,576,3,0,858
3326,576,4,0,1271
3327,577,1,0,1299
3328,577,2,0,158
3329,577,3,0,1300
3330,577,4,0,1199
3331,578,1,5,453
3332,578,2,4,1185
3333,578,3,3,594
3334,578,4,2,1111
3335,578,5,1,930
3336,579,1,5,158
3337,579,2,4,534
3338,579,3,3,1301
3339,579,4,2,1302
3340,579,5,1,543
3341,580,1,0,125
3342,580,2,0,208
3343,580,3,0,453
3344,580,4,0,995
3345,580,5,0,780
3346,581,1,0,958
3347,581,2,0,1302
3348,581,3,0,825
3349,581,4,0,583
3350,581,5,0,1146
3351,582,1,10,1138
3352,582,2,8,855
3353,582,3,6,995
3354,582,4,4,1131
3355,582,5,2,858
3356,582,6,1,1305
3357,582,7,1,1149
3358,582,8,1,1306
3359,582,9,1,444
3360,582,10,1,1063
3361,583,1,10,1156
3362,583,2,8,1231
3363,583,3,6,1033
3364,583,4,4,1304
3365,583,5,2,1304
3366,583,6,1,911
3367,583,7,1,1216
3368,583,8,1,1307
3369,583,9,1,1308
3370,583,10,1,1301
3371,584,1,10,887
3372,584,2,8,966
3373,584,3,6,969
3374,584,4,4,117
3375,584,5,2,1111
3376,584,6,1,113
3377,584,7,1,184
3378,585,1,5,1108
3379,585,2,4,958
3380,585,3,3,974
3381,585,4,2,583
3382,585,5,1,1256
3383,585,6,0,934
3384,585,7,0,954
3385,586,1,5,453
3386,586,2,4,796
3387,586,3,3,238
3388,586,4,2,931
3389,586,5,1,968
3390,587,1,5,1028
3391,587,2,4,791
3392,587,3,3,176
3393,587,4,2,133
3394,587,5,1,292
3395,588,1,5,679
3396,588,2,4,1310
3397,588,3,3,1063
3398,588,4,2,1280
3399,588,5,1,1306
3400,588,6,0,1306
3401,588,7,0,205
3402,588,8,0,679
3403,588,9,0,205
3404,588,10,0,1019
3405,589,1,10,1258
3406,589,2,8,1254
3407,589,3,6,1311
3408,589,4,4,1127
3409,589,5,2,1257
3410,589,6,1,1312
3411,589,7,1,1313
3412,589,8,1,1314
3413,589,9,1,1315
3414,589,10,1,1220
3415,590,1,5,1185
3416,590,2,4,966
3417,590,3,3,117
3418,590,4,2,173
3419,590,5,1,1111
3420,591,1,5,1069
3421,591,2,4,685
3422,591,3,3,206
3423,591,4,2,282
3424,591,5,1,473
3425,592,1,0,129
3426,592,2,0,125
3427,592,3,0,125
3428,592,4,0,208
3429,592,5,0,208
3430,593,1,5,133
3431,593,2,4,170
3432,593,3,3,454
3433,593,4,2,100
3434,593,5,1,274
3435,594,1,0,161
3436,595,1,0,119
3437,596,1,0,1404
3438,596,2,0,125
3439,596,3,0,136
3440,596,4,0,594
3441,596,5,0,112
3442,597,1,0,108
3443,597,2,0,958
3444,597,3,0,119
3445,597,4,0,825
3446,597,5,0,865
3447,598,1,5,1316
3448,598,2,4,1131
3449,598,3,3,995
3450,598,4,2,1226
3451,598,5,1,1203
3452,599,1,10,1317
3453,599,2,8,1199
3454,599,3,6,1318
3455,599,4,4,1216
3456,599,5,2,1275
3457,600,1,5,888
3458,600,2,4,594
3459,600,3,3,887
3460,600,4,2,930
3461,600,5,1,969
3462,601,1,5,958
3463,601,2,4,974
3464,601,3,3,865
3465,601,4,2,860
3466,601,5,1,752
3467,602,1,5,1319
3468,602,2,4,968
3469,602,3,3,526
3470,602,4,2,359
3471,602,5,1,112
3472,603,1,10,791
3473,603,2,8,100
3474,603,3,6,119
3475,603,4,4,825
3476,603,5,2,108
3477,604,1,0,164
3478,604,2,0,164
3479,604,3,0,1515
3480,604,4,0,453
3481,604,5,0,930
3482,604,6,0,453
3483,605,1,0,958
3484,605,2,0,583
3485,605,3,0,392
3486,605,4,0,158
3487,605,5,0,1516
3488,605,6,0,1512
3489,606,1,5,1310
3490,606,2,4,1501
3491,606,3,3,1502
3492,606,4,2,1063
3493,606,5,1,579
3494,606,6,0,1503
3495,606,7,0,1504
3496,606,8,0,1505
3497,607,1,5,1506
3498,607,2,4,1312
3499,607,3,3,1507
3500,607,4,2,1508
3501,607,5,1,1509
3502,607,6,0,1510
3503,607,7,0,1511
3504,607,8,0,1512
3505,608,1,0,1111
3506,608,2,0,1111
3507,608,3,0,1013
3508,608,4,0,930
3509,608,5,0,930
3510,608,6,0,1513
3511,609,1,5,583
3512,609,2,4,1514
3513,609,3,3,1080
3514,609,4,2,1258
3515,609,5,1,1301
3516,609,6,0,158
3517,610,1,0,801
3518,610,2,0,453
3519,610,3,0,1515
3520,610,4,0,275
3521,611,1,0,176
3522,611,2,0,922
3523,611,3,0,378
3524,611,4,0,392
3525,612,1,0,359
3526,612,2,0,359
3527,612,3,0,836
3528,612,4,0,453
3529,612,5,0,836
3530,612,6,0,453
3531,613,1,0,119
3532,613,2,0,1529
3533,613,3,0,158
3534,613,4,0,1529
3535,613,5,0,922
3536,613,6,0,768
3537,614,1,0,453
3538,614,2,0,453
3539,614,3,0,594
3540,614,4,0,112
3541,614,5,0,1522
3542,614,6,0,1522
3543,615,1,0,119
3544,615,2,0,1301
3545,615,3,0,1528
3546,615,4,0,768
3547,615,5,0,158
3548,615,6,0,922
3549,616,1,5,1517
3550,616,2,4,1502
3551,616,3,3,1518
3552,616,4,2,1519
3553,616,5,1,1520
3554,616,6,0,1521
3555,616,7,0,1522
3556,616,8,0,1523
3557,617,1,10,1036
3558,617,2,8,1524
3559,617,3,6,1525
3560,617,4,4,1526
3561,617,5,2,1527
3562,617,6,1,1224
3563,617,7,1,1307
3564,617,8,1,1528
3565,618,1,5,887
3566,618,2,4,491
3567,618,3,3,1111
3568,618,4,2,836
3569,618,5,1,594
3570,619,1,5,1199
3571,619,2,4,158
3572,619,3,3,671
3573,619,4,2,1301
3574,619,5,1,221
3575,620,1,0,1319
3576,620,2,0,112
3577,620,3,0,453
3578,620,4,0,359
3579,621,1,0,119
3580,621,2,0,119
3581,621,3,0,922
3582,621,4,0,922
3583,622,1,5,1280
3584,622,2,4,479
3585,622,3,3,1245
3586,622,4,2,1401
3587,622,5,1,1523
3588,622,6,0,553
3589,623,1,5,828
3590,623,2,4,1530
3591,623,3,3,1531
3592,623,4,2,1532
3593,623,5,1,1533
3594,623,6,0,1234
3595,624,1,0,1534
3596,624,2,0,1534
3597,624,3,0,1535
3598,624,4,0,941
3599,624,5,0,1535
3600,624,6,0,171
3601,624,7,0,171
3602,624,8,0,941
3603,625,1,5,1236
3604,625,2,4,1046
3605,625,3,3,479
3606,625,4,2,187
3607,625,5,1,1536
3608,625,6,0,760
3609,625,7,0,1537
3610,625,8,0,1538
3611,626,1,10,1260
3612,626,2,8,1501
3613,626,3,6,1519
3614,626,4,4,1111
3615,626,5,2,1602
3616,626,6,1,1134
3617,626,7,1,1701
3618,626,8,1,1702
3619,626,9,1,1564
3620,626,10,1,1703
3621,626,11,0,1704
3622,626,12,0,1705
3623,626,13,0,1706
3624,627,1,10,1315
3625,627,2,8,1707
3626,627,3,6,865
3627,627,4,4,1708
3628,627,5,2,1507
3629,627,6,1,1709
3630,627,7,1,1710
3631,627,8,1,1711
3632,627,9,1,1712
3633,627,10,1,1506
3634,627,11,0,1713
3635,627,12,0,1714
3636,627,13,0,1715
3637,628,1,0,453
3638,628,2,0,146
3639,629,1,0,158
3640,629,2,0,399
3641,630,1,5,1310
3642,630,2,4,1189
3643,630,3,3,479
3644,630,4,2,1517
3645,630,5,1,1502
3646,630,6,0,444
3647,630,7,0,1539
3648,630,8,0,312
3649,630,9,0,1540
3650,631,1,10,1506
3651,631,2,8,1318
3652,631,3,6,1221
3653,631,4,4,1541
3654,631,5,2,1542
3655,631,6,1,1543
3656,631,7,1,1544
3657,631,8,1,1274
3658,631,9,1,1234
3659,632,1,5,887
3660,632,2,4,1545
3661,632,3,3,966
3662,632,4,2,142
3663,632,5,1,1185
3664,632,6,0,146
3665,633,1,5,158
3666,633,2,4,479
3667,633,3,3,274
3668,633,4,2,392
3669,633,5,1,1546
3670,633,6,0,399
3671,634,1,0,1547
3672,634,2,0,1548
3673,634,3,0,1549
3674,634,4,0,1550
3675,634,5,0,1551
3676,635,1,0,1552
3677,635,2,0,1553
3678,635,3,0,1554
3679,635,4,0,1555
3680,635,5,0,1556
3681,636,1,0,1548
3682,636,2,0,1558
3683,636,3,0,1559
3684,636,4,0,1548
3685,637,1,0,1552
3686,637,2,0,1563
3687,637,3,0,1205
3688,637,4,0,912
3689,638,1,5,1226
3690,638,2,4,1557
3691,638,3,3,1558
3692,638,4,0,1557
3693,638,5,1,1287
3694,638,6,0,1558
3695,638,7,0,1559
3696,639,1,5,1205
3697,639,2,4,1227
3698,639,3,3,1560
3699,639,4,2,1561
3700,639,5,1,1562
3701,639,6,0,1563
3702,639,7,0,912
3703,640,1,0,1564
3704,640,2,0,1292
3705,640,3,0,1564
3706,641,1,0,1293
3707,641,2,0,1290
3708,641,3,0,812
3709,642,1,0,164
3710,642,2,0,447
3711,642,3,0,453
3712,642,4,0,1545
3713,642,5,0,725
3714,642,6,0,125
3715,642,7,0,930
3716,642,8,0,208
3717,643,1,0,599
3718,643,2,0,392
3719,643,3,0,599
3720,643,4,0,448
3721,643,5,0,392
3722,643,6,0,158
3723,643,7,0,448
3724,643,8,0,158
3725,644,1,0,1517
3726,644,2,0,1517
3727,644,3,0,1549
3728,644,4,0,1517
3729,644,5,0,1549
3730,644,6,0,1565
3731,644,7,0,1549
3732,644,8,0,1565
3733,644,9,0,1549
3734,644,10,0,1565
3735,645,1,5,1566
3736,645,2,4,1567
3737,645,3,3,1568
3738,645,4,2,1569
3739,645,5,1,1570
3740,645,6,0,1544
3741,645,7,0,1571
3742,645,8,0,1572
3743,645,9,0,1573
3744,645,10,0,1574
3745,646,1,0,1545
3746,646,2,0,1251
3747,646,3,0,1310
3748,646,4,0,930
3749,646,5,0,1251
3750,647,1,5,1318
3751,647,2,4,158
3752,647,3,3,599
3753,647,4,2,392
3754,647,5,1,194
3755,648,1,5,125
3756,648,2,4,453
3757,648,3,3,887
3758,648,4,2,208
3759,648,5,1,164
3760,649,1,0,176
3761,649,2,0,479
3762,649,3,0,519
3763,649,4,0,1302
3764,649,5,0,519
3765,650,1,5,1070
3766,650,2,4,1575
3767,650,3,0,1070
3768,650,4,0,1575
3769,650,5,1,1063
3770,650,6,0,1576
3771,650,7,0,1576
3772,650,8,0,1577
3773,650,9,0,1063
3774,650,10,0,1578
3775,650,11,0,1578
3776,650,12,0,1577
3777,650,13,0,1579
3778,651,1,10,1274
3779,651,2,8,1221
3780,651,3,6,1544
3781,651,4,4,1580
3782,651,5,2,1572
3783,651,6,1,1573
3784,651,7,1,1543
3785,651,8,1,1403
3786,651,9,1,1033
3787,651,10,1,1315
3788,651,11,0,1581
3789,651,12,0,1582
3790,651,13,0,1583
3791,652,1,0,1185
3792,652,2,0,227
3793,652,3,0,1310
3794,652,4,0,930
3795,653,1,0,1506
3796,653,2,0,674
3797,653,3,0,158
3798,653,4,0,1402
3799,654,1,5,796
3800,654,2,4,122
3801,654,3,3,589
3802,654,4,2,453
3803,654,5,1,112
3804,654,6,0,208
3805,654,7,0,931
3806,654,8,0,172
3807,655,1,5,454
3808,655,2,4,176
3809,655,3,3,119
3810,655,4,2,609
3811,655,5,1,519
3812,655,6,0,170
3813,655,7,0,657
3814,655,8,0,825
3815,656,1,0,275
3816,656,2,0,453
3817,656,3,0,208
3818,656,4,0,1545
3819,656,5,0,125
3820,657,1,0,1010
3821,657,2,0,825
3822,657,3,0,392
3823,657,4,0,1591
3824,657,5,0,934
3825,658,1,5,723
3826,658,2,4,1502
3827,658,3,3,1519
3828,658,4,2,1584
3829,658,5,1,1306
3830,658,6,0,1576
3831,658,7,0,1578
3832,658,8,0,1503
3833,658,9,0,1585
3834,659,1,10,1586
3835,659,2,8,1587
3836,659,3,6,1571
3837,659,4,4,1582
3838,659,5,2,1307
3839,659,6,1,1573
3840,659,7,1,1588
3841,659,8,1,1544
3842,659,9,1,1589
3843,660,1,5,969
3844,660,2,4,1185
3845,660,3,3,966
3846,660,4,2,227
3847,660,5,1,1111
3848,660,6,0,117
3849,660,7,0,1545
3850,660,8,0,113
3851,660,9,0,930
3852,660,10,0,884
3853,661,1,10,1507
3854,661,2,8,1302
3855,661,3,6,674
3856,661,4,4,939
3857,661,5,2,1221
3858,661,6,1,1318
3859,661,7,1,1590
3860,661,8,1,1080
3861,661,9,1,392
3862,661,10,1,1546
3863,662,1,5,453
3864,662,2,4,238
3865,662,3,3,801
3866,662,4,2,796
3867,662,5,1,968
3868,662,6,0,275
3869,662,7,0,208
3870,662,8,0,589
3871,662,9,0,887
3872,662,10,0,125
3873,662,11,0,931
3874,663,1,5,176
3875,663,2,4,119
3876,663,3,3,230
3877,663,4,2,170
3878,663,5,1,191
3879,663,6,0,1010
3880,663,7,0,974
3881,663,8,0,109
3882,663,9,0,274
3883,663,10,0,320
3884,663,11,0,825
3885,664,1,5,1584
3886,664,2,0,1584
3887,664,3,3,1592
3888,664,4,2,1593
3889,664,5,0,1593
3890,664,6,0,1594
3891,664,7,0,1063
3892,664,8,0,1063
3893,664,9,0,1592
3894,664,10,0,1594
3895,665,1,5,1315
3896,665,2,4,1156
3897,665,3,3,1583
3898,665,4,2,1311
3899,665,5,1,1595
3900,665,6,0,1312
3901,665,7,0,1128
3902,665,8,0,1596
3903,665,9,0,1597
3904,665,10,0,1598
3905,666,1,5,968
3906,666,2,4,127
3907,666,3,0,127
3908,666,4,2,931
3909,666,5,0,931
3910,666,6,0,969
3911,666,7,0,113
3912,666,8,0,125
3913,666,9,0,117
3914,666,10,0,125
3915,667,1,5,119
3916,667,2,4,170
3917,667,3,3,109
3918,667,4,2,293
3919,667,5,1,1313
3920,667,6,0,274
3921,667,7,0,454
3922,667,8,0,1274
3923,667,9,0,974
3924,667,10,0,120
3925,668,1,0,453
3926,668,2,0,1601
3927,668,3,0,164
3928,668,4,0,1502
3929,669,1,0,825
3930,669,2,0,1079
3931,669,3,0,674
3932,669,4,0,119
3933,670,1,0,453
3934,670,2,0,164
3935,670,3,0,930
3936,670,4,0,1549
3937,671,1,0,922
3938,671,2,0,274
3939,671,3,0,119
3940,671,4,0,825
3941,672,1,10,1519
3942,672,2,8,1599
3943,672,3,6,1600
3944,672,4,4,1518
3945,672,5,2,1601
3946,672,6,1,1602
3947,672,7,1,1603
3948,672,8,1,1502
3949,672,9,1,1578
3950,672,10,1,1549
3951,673,1,10,1568
3952,673,2,8,1604
3953,673,3,6,1605
3954,673,4,4,1524
3955,673,5,2,1606
3956,673,6,1,1204
3957,673,7,1,1307
3958,673,8,1,1607
3959,673,9,1,504
3960,673,10,1,1079
3961,674,1,0,1185
3962,674,2,0,594
3963,674,3,0,1111
3964,675,1,5,1507
3965,675,2,4,879
3966,675,3,3,1546
3967,676,1,5,1021
3968,676,2,4,453
3969,676,3,3,966
3970,676,4,2,931
3971,677,1,5,119
3972,677,2,4,479
3973,677,3,3,176
3974,677,4,2,170
3975,678,1,5,1608
3976,678,2,4,1523
3977,678,3,3,1535
3978,678,4,2,1609
3979,678,5,1,1245
3980,678,6,0,1610
3981,678,7,0,1611
3982,678,8,0,1612
3983,679,1,5,1538
3984,679,2,4,1582
3985,679,3,3,1613
3986,679,4,2,1533
3987,679,5,1,1614
3988,679,6,0,760
3989,679,7,0,1615
3990,679,8,0,1616
3991,680,1,5,1159
3992,680,2,4,931
3993,680,3,3,1185
3994,680,4,2,1310
3995,680,5,1,553
3996,680,6,0,1617
3997,681,1,5,517
3998,681,2,4,158
3999,681,3,3,1046
4000,681,4,2,1618
4001,681,5,1,1544
4002,681,6,0,1236
4003,682,1,5,1520
4004,682,2,4,596
4005,682,3,3,1619
4006,682,4,2,1242
4007,682,5,1,1502
4008,682,6,0,170
4009,682,7,0,1620
4010,682,8,0,1621
4011,682,9,0,1622
4012,682,10,0,1623
4013,682,11,0,1624
4014,683,1,5,1625
4015,683,2,4,1626
4016,683,3,3,1627
4017,683,4,2,1628
4018,683,5,1,1629
4019,683,6,0,1630
4020,683,7,0,1631
4021,683,8,0,1632
4022,683,9,0,1193
4023,683,10,0,158
4024,683,11,0,1633
4025,684,1,0,1634
4026,684,2,0,1550
4027,684,3,0,1635
4028,684,4,0,1636
4029,684,5,0,1636
4030,685,1,0,1637
4031,685,2,0,1638
4032,685,3,0,912
4033,685,4,0,1639
4034,685,5,0,1640
4035,686,1,5,738
4036,686,2,4,1564
4037,686,3,3,1291
4038,686,4,2,611
4039,686,5,1,1548
4040,686,6,0,621
4041,686,7,0,731
4042,686,8,0,1549
4043,686,9,0,1226
4044,686,10,0,1641
4045,687,1,5,1204
4046,687,2,4,1227
4047,687,3,3,1605
4048,687,4,0,1227
4049,687,5,1,1642
4050,687,6,0,1643
4051,687,7,0,812
4052,687,8,0,1644
4053,687,9,0,812
4054,687,10,0,1552
4055,688,1,0,1063
4056,688,2,0,1063
4057,688,3,0,353
4058,689,1,0,738
4059,689,2,0,1293
4060,689,3,0,1287
4061,690,1,0,453
4062,690,2,0,931
4063,690,3,0,1649
4064,690,4,0,1545
4065,690,5,0,125
4066,690,6,0,1656
4067,690,7,0,579
4068,690,8,0,1648
4069,690,9,0,930
4070,691,1,0,274
4071,691,2,0,392
4072,691,3,0,583
4073,691,4,0,392
4074,691,5,0,922
4075,691,6,0,583
4076,691,7,0,825
4077,691,8,0,1657
4078,691,9,0,1304
4079,692,1,5,1645
4080,692,2,4,1540
4081,692,3,3,1646
4082,692,4,2,1647
4083,692,5,1,207
4084,692,6,0,1578
4085,692,7,0,1539
4086,692,8,0,1574
4087,692,9,0,1648
4088,692,10,0,1649
4089,692,11,0,444
4090,693,1,5,1068
4091,693,2,4,1650
4092,693,3,3,1572
4093,693,4,2,890
4094,693,5,1,1651
4095,693,6,0,1304
4096,693,7,0,1652
4097,693,8,0,1653
4098,693,9,0,1573
4099,693,10,0,1654
4100,693,11,0,1304
4101,694,1,5,1655
4102,694,2,4,1063
4103,694,3,3,579
4104,694,4,2,1545
4105,694,5,1,930
4106,695,1,5,1318
4107,695,2,4,583
4108,695,3,3,392
4109,695,4,2,1544
4110,695,5,1,194
4111,696,1,0,887
4112,696,2,0,931
4113,696,3,0,125
4114,696,4,0,931
4115,696,5,0,453
4116,697,1,5,230
4117,697,2,4,176
4118,697,3,3,274
4119,697,4,2,825
4120,697,5,1,1302
4121,698,1,5,1253
4122,698,2,4,1578
4123,698,3,3,1070
4124,698,4,2,679
4125,698,5,1,1134
4126,698,6,0,1624
4127,699,1,10,1224
4128,699,2,8,1572
4129,699,3,6,1573
4130,699,4,4,1650
4131,699,5,2,1658
4132,699,6,1,1583
4133,700,1,0,1584
4134,700,2,0,1185
4135,700,3,0,1063
4136,700,4,0,930
4137,701,1,0,1221
4138,701,2,0,158
4139,701,3,0,1315
4140,701,4,0,1544
4141,702,1,5,122
4142,702,2,4,111
4143,702,3,0,122
4144,702,4,2,113
4145,702,5,0,111
4146,702,6,0,931
4147,702,7,0,931
4148,702,8,0,125
4149,702,9,0,125
4150,702,10,0,113
4151,703,1,5,230
4152,703,2,4,454
4153,703,3,3,583
4154,703,4,2,133
4155,703,5,1,119
4156,703,6,0,320
4157,703,7,0,519
4158,703,8,0,170
4159,703,9,0,609
4160,703,10,0,274
4161,704,1,0,136
4162,704,2,0,125
4163,704,3,0,453
4164,704,4,0,930
4165,704,5,0,931
4166,704,6,0,146
4167,704,7,0,579
4168,705,1,0,274
4169,705,2,0,825
4170,705,3,0,939
4171,705,4,0,108
4172,705,5,0,1010
4173,705,6,0,1812
4174,705,7,0,934
4175,706,1,5,1801
4176,706,2,4,723
4177,706,3,3,1539
4178,706,4,2,1802
4179,706,5,1,1401
4180,706,6,0,444
4181,706,7,0,1540
4182,706,8,0,1803
4183,707,1,10,1804
4184,707,2,8,1068
4185,707,3,6,1805
4186,707,4,4,1652
4187,707,5,2,1806
4188,707,6,1,1807
4189,707,7,1,1808
4190,707,8,1,1809
4191,708,1,5,207
4192,708,2,4,1111
4193,708,3,3,1185
4194,708,4,2,1584
4195,708,5,1,579
4196,708,6,0,227
4197,708,7,0,123
4198,708,8,0,1810
4199,708,9,0,930
4200,708,10,0,117
4201,708,11,0,1310
4202,708,12,0,475
4203,709,1,5,738
4204,709,2,4,1224
4205,709,3,3,1546
4206,709,4,2,1221
4207,709,5,1,1318
4208,709,6,0,1544
4209,709,7,0,194
4210,709,8,0,954
4211,709,9,0,674
4212,709,10,0,934
4213,709,11,0,939
4214,709,12,0,674
4215,710,1,5,112
4216,710,2,4,887
4217,710,3,3,1093
4218,710,4,2,1811
4219,710,5,1,796
4220,710,6,0,453
4221,710,7,0,136
4222,710,8,0,125
4223,711,1,10,1199
4224,711,2,8,133
4225,711,3,6,170
4226,711,4,4,454
4227,711,5,2,108
4228,711,6,1,230
4229,711,7,1,176
4230,711,8,1,657
4231,712,1,5,1645
4232,712,2,4,1540
4233,712,3,3,1539
4234,712,4,0,1539
4235,712,5,1,1813
4236,712,6,0,205
4237,713,1,5,1804
4238,713,2,4,1814
4239,713,3,3,1583
4240,713,4,2,1815
4241,713,5,1,1816
4242,713,6,0,1220
4243,714,1,0,174
4244,714,2,0,174
4245,714,3,0,1310
4246,714,4,0,1310
4247,714,5,0,1063
4248,714,6,0,1063
4249,715,1,5,1068
4250,715,2,4,1315
4251,715,3,3,1544
4252,715,4,2,1274
4253,715,5,1,685
4254,715,6,0,451
4255,716,1,5,112
4256,716,2,4,129
4257,716,3,3,968
4258,716,4,2,1142
4259,716,5,1,931
4260,716,6,0,113
4261,717,1,0,454
4262,717,2,0,454
4263,717,3,0,274
4264,717,4,0,119
4265,717,5,0,274
4266,717,6,0,170
4267,718,1,0,453
4268,718,2,0,351
4269,718,3,0,930
4270,718,4,0,930
4271,718,5,0,351
4272,718,6,0,453
4273,718,7,0,351
4274,718,8,0,453
4275,718,9,0,930
4276,719,1,0,392
4277,719,2,0,119
4278,719,3,0,547
4279,719,4,0,922
4280,719,5,0,1630
4281,719,6,0,1823
4282,719,7,0,158
4283,719,8,0,466
4284,719,9,0,1824
4285,720,1,5,1645
4286,720,2,4,1810
4287,720,3,3,1578
4288,720,4,2,1817
4289,720,5,1,738
4290,720,6,0,1503
4291,720,7,0,1518
4292,720,8,0,1549
4293,721,1,10,1573
4294,721,2,8,1715
4295,721,3,6,1818
4296,721,4,4,504
4297,721,5,2,1819
4298,721,6,1,1307
4299,721,7,1,1652
4300,721,8,1,1572
4301,722,1,5,351
4302,722,2,4,1820
4303,722,3,3,594
4304,722,4,2,1134
4305,722,5,1,930
4306,722,6,0,1821
4307,723,1,5,738
4308,723,2,4,392
4309,723,3,3,547
4310,723,4,2,158
4311,723,5,1,1822
4312,723,6,0,1318
4313,724,1,5,887
4314,724,2,4,1811
4315,724,3,3,1111
4316,724,4,2,1319
4317,724,5,1,453
4318,724,6,0,453
4319,725,1,5,1199
4320,725,2,4,596
4321,725,3,3,1028
4322,725,4,2,119
4323,725,5,1,479
4324,725,6,0,922
4325,726,1,5,1825
4326,726,2,4,1599
4327,726,3,3,1540
4328,726,4,2,1539
4329,726,5,1,1826
4330,726,6,0,1827
4331,726,7,0,679
4332,726,8,0,1828
4333,726,9,0,1829
4334,727,1,5,1650
4335,727,2,4,1815
4336,727,3,3,1805
4337,727,4,2,1830
4338,727,5,1,717
4339,727,6,0,1831
4340,727,7,0,1652
4341,727,8,0,1832
4342,727,9,0,1583
4343,728,1,5,257
4344,728,2,4,227
4345,728,3,3,376
4346,728,4,2,207
4347,728,5,1,579
4348,728,6,0,1111
4349,729,1,5,1221
4350,729,2,4,954
4351,729,3,3,1068
4352,729,4,2,1315
4353,729,5,1,1833
4354,729,6,0,1834
4355,730,1,0,453
4356,730,2,0,112
4357,730,3,0,931
4358,730,4,0,115
4359,730,5,0,1656
4360,730,6,0,257
4361,730,7,0,930
4362,731,1,0,119
4363,731,2,0,1582
4364,731,3,0,825
4365,731,4,0,1657
4366,731,5,0,825
4367,731,6,0,934
4368,731,7,0,1065
4369,732,1,5,1825
4370,732,2,0,1825
4371,732,3,3,1599
4372,732,4,2,1578
4373,732,5,0,1578
4374,732,6,0,1827
4375,732,7,0,1271
4376,732,8,0,1656
4377,732,9,0,1827
4378,732,10,0,1656
4379,732,11,0,1599
4380,732,12,0,1835
4381,732,13,0,1029
4382,732,14,0,1029
4383,732,15,0,1835
4384,733,1,10,1582
4385,733,2,8,1231
4386,733,3,6,1654
4387,733,4,4,1816
4388,733,5,2,1836
4389,733,6,1,1809
4390,733,7,1,1832
4391,733,8,1,1837
4392,733,9,1,1831
4393,733,10,1,1580
4394,733,11,0,1838
4395,733,12,0,1839
4396,733,13,0,1840
4397,733,14,0,1841
4398,733,15,0,1842
4399,734,1,5,227
4400,734,2,0,227
4401,734,3,3,257
4402,734,4,2,176
4403,734,5,0,257
4404,734,6,0,723
4405,734,7,0,930
4406,734,8,0,930
4407,735,1,5,1590
4408,735,2,4,1573
4409,735,3,3,1318
4410,735,4,2,934
4411,735,5,1,1546
4412,735,6,0,1221
4413,735,7,0,1804
4414,735,8,0,1805
4415,736,1,5,112
4416,736,2,4,589
4417,736,3,3,453
4418,736,4,2,115
4419,736,5,1,796
4420,736,6,0,931
4421,736,7,0,113
4422,737,1,5,230
4423,737,2,4,119
4424,737,3,3,825
4425,737,4,2,143
4426,737,5,1,1065
4427,737,6,0,320
4428,737,7,0,176
4429,738,1,5,1843
4430,738,2,4,1609
4431,738,3,3,1844
4432,738,4,0,1609
4433,738,5,0,1844
4434,738,6,0,1845
4435,738,7,0,1846
4436,738,8,0,1847
4437,739,1,5,1848
4438,739,2,4,1166
4439,739,3,3,1849
4440,739,4,2,1044
4441,739,5,1,1816
4442,739,6,0,1850
4443,739,7,0,1851
4444,739,8,0,1234
4445,740,1,5,723
4446,740,2,4,1608
4447,740,3,3,1535
4448,740,4,2,117
4449,740,5,1,1245
4450,740,6,0,1611
4451,741,1,5,1852
4452,741,2,4,1538
4453,741,3,3,517
4454,741,4,2,760
4455,741,5,0,1852
4456,741,6,0,1853
4457,742,1,0,117
4458,742,2,0,966
4459,742,3,0,117
4460,742,4,0,1854
4461,742,5,0,1854
4462,742,6,0,966
4463,743,1,5,1855
4464,743,2,4,1856
4465,743,3,3,1857
4466,743,4,2,1858
4467,743,5,1,1859
4468,743,6,0,1860
4469,744,1,0,931
4470,744,2,0,931
4471,744,3,0,1656
4472,744,4,0,453
4473,744,5,0,376
4474,744,6,0,257
4475,745,1,0,825
4476,745,2,0,583
4477,745,3,0,1657
4478,745,4,0,158
4479,745,5,0,1833
4480,745,6,0,1861
4481,746,1,5,1656
4482,746,2,4,1540
4483,746,3,3,1624
4484,746,4,2,1539
4485,746,5,1,444
4486,746,6,0,1865
4487,747,1,10,1862
4488,747,2,8,1863
4489,747,3,6,1625
4490,747,4,4,1864
4491,747,5,2,1626
4492,747,6,1,1866
4493,748,1,5,207
4494,748,2,4,257
4495,748,3,3,404
4496,748,4,2,376
4497,748,5,1,427
4498,748,6,0,1502
4499,748,7,0,427
4500,748,8,0,257
4501,749,1,5,268
4502,749,2,4,1867
4503,749,3,3,1804
4504,749,4,2,1853
4505,749,5,1,1068
4506,749,6,0,1833
4507,749,7,0,1657
4508,749,8,0,158
4509,750,1,0,453
4510,750,2,0,112
4511,750,3,0,796
4512,750,4,0,796
4513,750,5,0,931
4514,750,6,0,931
4515,751,1,5,596
4516,751,2,4,170
4517,751,3,3,583
4518,751,4,2,825
4519,751,5,1,119
4520,751,6,0,1085
4521,752,1,10,1880
4522,752,2,8,1702
4523,752,3,6,1883
4524,752,4,4,1885
4525,752,5,2,1887
4526,752,6,1,1888
4527,752,7,1,1876
4528,752,8,1,1890
4529,752,9,1,1892
4530,752,10,1,1894
4531,752,11,0,1896
4532,753,1,10,1881
4533,753,2,8,1882
4534,753,3,6,1884
4535,753,4,4,1886
4536,753,5,2,1653
4537,753,6,1,1889
4538,753,7,1,1870
4539,753,8,1,1891
4540,753,9,1,1893
4541,753,10,1,1895
4542,753,11,0,1897
4543,754,1,0,931
4544,754,2,0,930
4545,754,3,0,376
4546,754,4,0,164
4547,754,5,0,257
4548,754,6,0,444
4549,754,7,0,579
4550,755,1,0,1653
4551,755,2,0,1833
4552,755,3,0,158
4553,755,4,0,1833
4554,755,5,0,158
4555,755,6,0,1653
4556,755,7,0,158
4557,756,1,5,1578
4558,756,2,0,1578
4559,756,3,3,1504
4560,756,4,2,1871
4561,756,5,1,1872
4562,756,6,0,1874
4563,756,7,0,1504
4564,756,8,0,1872
4565,756,9,0,1876
4566,756,10,0,1878
4567,757,1,5,1868
4568,757,2,4,1869
4569,757,3,3,1870
4570,757,4,2,1653
4571,757,5,1,1873
4572,757,6,0,1654
4573,757,7,0,1567
4574,757,8,0,1875
4575,757,9,0,1877
4576,757,10,0,1571
4577,758,1,5,479
4578,758,2,4,207
4579,758,3,3,376
4580,758,4,2,257
4581,758,5,1,444
4582,758,6,0,930
4583,758,7,0,579
4584,759,1,5,1879
4585,759,2,4,1833
4586,759,3,3,1068
4587,759,4,2,1573
4588,759,5,1,1318
4589,759,6,0,1804
4590,759,7,0,194
4591,760,1,0,887
4592,760,2,0,931
4593,760,3,0,453
4594,760,4,0,164
4595,761,1,0,479
4596,761,2,0,1224
4597,761,3,0,158
4598,761,4,0,320
4599,762,1,0,174
4600,762,2,0,931
4601,762,3,0,111
4602,762,4,0,257
4603,762,5,0,453
4604,762,6,0,1656
4605,762,7,0,1522
4606,762,8,0,376
4607,763,1,0,158
4608,763,2,0,158
4609,763,3,0,1065
4610,763,4,0,825
4611,763,5,0,1657
4612,763,6,0,399
4613,763,7,0,825
4614,763,8,0,1833
4615,764,1,5,738
4616,764,2,4,1180
4617,764,3,0,738
4618,764,4,0,1180
4619,764,5,1,1070
4620,764,6,0,1899
4621,764,7,0,1522
4622,764,8,0,1070
4623,765,1,5,1599
4624,765,2,4,1816
4625,765,3,3,1654
4626,765,4,2,1898
4627,765,5,1,1403
4628,765,6,0,1583
4629,765,7,0,1837
4630,765,8,0,1870
4631,766,1,5,140
4632,766,2,4,969
4633,766,3,3,1584
4634,766,4,2,1599
4635,766,5,1,1656
4636,766,6,0,376
4637,766,7,0,1063
4638,766,8,0,117
4639,766,9,0,257
4640,767,1,5,1318
4641,767,2,4,738
4642,767,3,3,1315
4643,767,4,2,1658
4644,767,5,1,152
4645,767,6,0,1657
4646,767,7,0,1573
4647,767,8,0,1804
4648,767,9,0,1833
4649,768,1,5,129
4650,768,2,4,796
4651,768,3,3,122
4652,768,4,2,453
4653,768,5,1,968
4654,768,6,0,112
4655,768,7,0,931
4656,768,8,0,111
4657,769,1,5,1224
4658,769,2,4,609
4659,769,3,3,170
4660,769,4,2,974
4661,769,5,1,119
4662,769,6,0,158
4663,769,7,0,454
4664,769,8,0,825
4665,770,1,5,1858
4666,770,2,4,1901
4667,770,3,3,1903
4668,770,4,2,1904
4669,770,5,1,1906
4670,770,6,0,1908
4671,770,7,0,1910
4672,771,1,5,1900
4673,771,2,4,1902
4674,771,3,3,1856
4675,771,4,2,1905
4676,771,5,1,1907
4677,771,6,0,1909
4678,771,7,0,1911
4679,772,1,0,453
4680,772,2,0,115
4681,772,3,0,376
4682,772,4,0,1262
4683,772,5,0,136
4684,772,6,0,931
4685,772,7,0,930
4686,772,8,0,723
4687,772,9,0,257
4688,773,1,0,1833
4689,773,2,0,109
4690,773,3,0,109
4691,773,4,0,1580
4692,773,5,0,934
4693,773,6,0,1833
4694,773,7,0,934
4695,773,8,0,1654
4696,773,9,0,1654
4697,774,1,5,1825
4698,774,2,4,1810
4699,774,3,3,1912
4700,774,4,2,1827
4701,774,5,1,1914
4702,774,6,0,1401
4703,774,7,0,1271
4704,774,8,0,1029
4705,774,9,0,1916
4706,774,10,0,1125
4707,775,1,10,1868
4708,775,2,8,1850
4709,775,3,6,1809
4710,775,4,4,1913
4711,775,5,2,1840
4712,775,6,1,1599
4713,775,7,1,1650
4714,775,8,1,1915
4715,775,9,1,1808
4716,775,10,1,1654
4717,776,1,5,171
4718,776,2,4,227
4719,776,3,3,176
4720,776,4,2,207
4721,776,5,1,1645
4722,776,6,0,1599
4723,776,7,0,376
4724,776,8,0,1185
4725,777,1,5,1318
4726,777,2,4,1573
4727,777,3,3,1546
4728,777,4,2,1068
4729,777,5,1,1582
4730,777,6,0,1833
4731,777,7,0,1879
4732,777,8,0,1917
4733,778,1,5,796
4734,778,2,4,1111
4735,778,3,3,189
4736,778,4,2,453
4737,778,5,1,589
4738,778,6,0,112
4739,778,7,0,136
4740,778,8,0,887
4741,778,9,0,1262
4742,778,10,0,931
4743,778,11,0,115
4744,778,12,0,113
4745,779,1,5,1224
4746,779,2,4,176
4747,779,3,3,119
4748,779,4,2,170
4749,779,5,0,176
4750,779,6,0,143
4751,779,7,0,1224
4752,779,8,0,170
4753,779,9,0,1065
4754,779,10,0,119
4755,779,11,0,109
4756,779,12,0,109
4757,780,1,5,1918
4758,780,2,4,170
4759,780,3,3,1314
4760,780,4,2,1813
4761,780,5,1,205
4762,781,1,5,1815
4763,781,2,4,1403
4764,781,3,3,1583
4765,781,4,2,1919
4766,781,5,1,1920
4767,782,1,5,969
4768,782,2,4,257
4769,782,3,3,146
4770,782,4,2,117
4771,782,5,1,1063
4772,782,6,0,1584
4773,783,1,5,1314
4774,783,2,4,1315
4775,783,3,0,1314
4776,783,4,2,1804
4777,783,5,1,1921
4778,783,6,0,1833
4779,784,1,5,968
4780,784,2,4,238
4781,784,3,3,112
4782,784,4,2,931
4783,784,5,1,129
4784,785,1,5,454
4785,785,2,4,119
4786,785,3,3,170
4787,785,4,2,974
4788,785,5,1,274
4789,786,1,10,1817
4790,786,2,8,1922
4791,786,3,6,1883
4792,786,4,4,1880
4793,786,5,2,1888
4794,786,6,1,738
4795,786,7,1,1927
4796,786,8,1,1260
4797,787,1,10,1891
4798,787,2,8,1923
4799,787,3,6,1924
4800,787,4,4,1925
4801,787,5,2,1862
4802,787,6,1,1926
4803,787,7,1,1881
4804,787,8,1,179
4805,788,1,5,453
4806,788,2,4,1111
4807,788,3,3,1928
4808,788,4,2,1519
4809,788,5,1,1645
4810,789,1,5,1507
4811,789,2,4,1258
4812,789,3,3,1929
4813,789,4,2,1199
4814,789,5,1,738
