Event ID,Event Date,Event Name ID,Event Location ID
1,1/1/2012,29,40
2,5/24/2012,12,14
3,6/24/2012,6,9
4,7/13/2012,30,32
5,8/3/2012,2,24
6,8/30/2012,33,37
7,9/21/2012,31,11
8,9/27/2012,23,1
9,10/11/2012,27,26
10,11/29/2012,16,23
11,1/1/2013,37,25
12,3/14/2013,28,3
13,4/4/2013,20,16
14,5/23/2013,12,14
15,6/27/2013,6,9
16,7/11/2013,30,32
17,8/2/2013,2,24
18,8/29/2013,33,37
19,9/26/2013,23,1
20,10/17/2013,27,26
21,10/25/2013,13,15
22,11/7/2013,7,8
23,12/5/2013,16,23
24,1/1/2014,37,25
25,3/20/2014,28,3
26,4/24/2014,4,6
27,5/8/2014,20,16
28,5/15/2014,34,17
29,5/26/2014,12,14
30,6/26/2014,6,9
31,7/3/2014,15,18
32,7/11/2014,30,32
33,8/14/2014,25,30
34,8/28/2014,33,37
35,9/25/2014,23,1
36,10/16/2014,27,26
37,10/30/2014,21,21
38,11/6/2014,7,8
39,12/4/2014,16,23
40,1/1/2015,37,28
41,1/2/2015,24,30
42,2/27/2015,8,12
43,3/13/2015,14,22
44,3/19/2015,28,3
45,3/27/2015,35,13
46,4/9/2015,4,6
47,4/24/2015,19,2
48,5/21/2015,12,14
49,6/25/2015,6,9
50,7/3/2015,15,18
51,7/10/2015,30,32
52,8/7/2015,18,4
53,9/3/2015,33,37
54,9/24/2015,23,1
55,10/9/2015,38,17
56,10/22/2015,27,26
57,11/5/2015,21,21
58,11/12/2015,7,8
59,11/20/2015,1,13
60,12/3/2015,16,23
61,1/3/2016,37,25
62,2/26/2016,8,12
63,3/11/2016,14,22
64,3/12/2016,35,13
65,3/17/2016,28,3
66,3/24/2016,32,35
67,4/7/2016,4,6
68,5/26/2016,12,14
69,6/23/2016,6,9
70,6/30/2016,15,18
71,7/7/2016,30,32
72,8/12/2016,18,4
73,9/1/2016,33,37
74,10/20/2016,27,26
75,11/3/2016,21,21
76,11/11/2016,7,8
77,1/1/2017,37,25
78,3/10/2017,14,22
79,3/16/2017,28,3
80,3/24/2017,35,13
81,3/30/2017,4,6
82,4/13/2017,32,35
83,5/25/2017,12,14
84,6/25/2017,6,9
85,7/6/2017,15,18
86,7/7/2017,30,32
87,8/11/2017,18,4
88,8/31/2017,33,37
89,10/13/2017,38,17
90,10/19/2017,27,27
91,11/2/2017,21,21
92,1/1/2018,37,36
93,3/9/2018,14,22
94,3/29/2018,32,35
95,4/12/2018,4,6
96,5/24/2018,12,14
97,6/23/2018,6,9
98,7/5/2018,15,18
99,7/12/2018,30,32
100,8/10/2018,18,4
101,10/18/2018,27,27
102,11/1/2018,21,21
103,1/1/2019,37,25
104,3/8/2019,14,22
105,4/11/2019,4,6
106,4/18/2019,32,35
107,5/23/2019,12,14
108,6/27/2019,15,18
109,7/4/2019,6,9
110,7/11/2019,30,32
111,9/26/2019,23,1
112,10/17/2019,27,27
113,10/31/2019,21,21
114,1/5/2020,37,25
115,8/5/2021,2,31
116,2/1/2022,37,28
117,4/7/2022,4,6
118,5/27/2022,34,4
119,6/23/2022,6,7
120,6/23/2022,15,18
121,8/4/2022,2,31
122,9/1/2022,33,37
123,10/23/2022,27,27
124,11/3/2022,21,21
125,1/1/2023,37,31
126,4/20/2023,4,6
127,6/24/2023,6,9
128,6/29/2023,15,18
129,8/3/2023,2,31
130,8/31/2023,33,37
131,10/19/2023,27,27
132,11/5/2023,21,21
133,1/4/2024,37,8
134,3/9/2024,14,22
135,3/23/2024,32,27
136,4/13/2024,4,6
137,6/15/2024,10,34
138,6/22/2024,6,10
139,7/27/2024,39,38
140,8/3/2024,2,31
141,9/1/2024,33,37
142,9/27/2024,17,32
143,10/19/2024,27,27
144,11/2/2024,21,21
145,11/3/2024,7,8
146,11/9/2024,11,20
147,1/3/2025,37,28
148,3/8/2025,14,22
149,3/28/2025,3,29
150,4/6/2025,36,39
151,4/13/2025,4,6
152,5/10/2025,5,5
153,6/28/2025,6,9
154,6/29/2025,10,33
155,7/18/2025,39,38
156,8/2/2025,2,31
157,8/31/2025,33,37
158,9/5/2025,22,25
159,9/27/2025,9,1
160,10/11/2025,26,19
161,11/1/2025,21,21
162,11/15/2025,7,8
